-8.661117441566354991e-01 -8.660247625475689937e-01 -8.657638266381754155e-01 -8.653289633105505363e-01 -8.647202177944195434e-01 -8.639376542971927142e-01 -8.629813568680668734e-01 -8.618514304799693715e-01 -8.605480023106313325e-01 -8.590712232031327833e-01 -8.574212692870128993e-01 -8.555983437432298500e-01 -8.536026787003055949e-01 -8.514345372543498103e-01 -8.490942156126359830e-01 -8.465820453685100055e-01 -8.438983959249830580e-01 -8.410436770949074603e-01 -8.380183419179785265e-01 -8.348228897486300593e-01 -8.314578696852290562e-01 -8.279238844308161038e-01 -8.242215946999720266e-01 -8.203517243179013763e-01 -8.163150661989381218e-01 -8.121124894470055366e-01 -8.077449478959013440e-01 -8.032134905118561985e-01 -7.985192742273301558e-01 -7.936635799836800897e-01 -7.886478330607187281e-01 -7.834736292107111755e-01 -7.781427687667591409e-01 -7.726573018816174088e-01 -7.670195895717131229e-01 -7.612323876301699821e-01 -7.552989643197892677e-01 -7.492232691140882084e-01 -7.430101805644133695e-01 -7.366658803487114993e-01 -7.301984350783403688e-01 -7.236187327764325161e-01 -7.169420502049052013e-01 -7.101907958237898555e-01 -7.033995619073177830e-01 -6.966249824269645785e-01 -6.899662002955921913e-01 -6.836098262852680074e-01 -6.779299707765995553e-01 -6.736739899833819045e-01 -6.720163242686902905e-01 -6.736739899833797951e-01 -6.779299707765998884e-01 -6.836098262852670082e-01 -6.899662002955910811e-01 -6.966249824269652446e-01 -7.033995619073181160e-01 -7.101907958237914098e-01 -7.169420502049043131e-01 -7.236187327764337374e-01 -7.301984350783397026e-01 -7.366658803487118323e-01 -7.430101805644112600e-01 -7.492232691140874312e-01 -7.552989643197893788e-01 -7.612323876301683168e-01 -7.670195895717144552e-01 -7.726573018816168537e-01 -7.781427687667596960e-01 -7.834736292107137290e-01 -7.886478330607178400e-01 -7.936635799836794236e-01 -7.985192742273310440e-01 -8.032134905118584189e-01 -8.077449478959013440e-01 -8.121124894470037603e-01 -8.163150661989393431e-01 -8.203517243178986007e-01 -8.242215946999708054e-01 -8.279238844308158818e-01 -8.314578696852293893e-01 -8.348228897486312805e-01 -8.380183419179790816e-01 -8.410436770949075713e-01 -8.438983959249839462e-01 -8.465820453685111158e-01 -8.490942156126359830e-01 -8.514345372543500323e-01 -8.536026787003057059e-01 -8.555983437432296279e-01 -8.574212692870131214e-01 -8.590712232031338935e-01 -8.605480023106313325e-01 -8.618514304799691494e-01 -8.629813568680670954e-01 -8.639376542971931583e-01 -8.647202177944195434e-01 -8.653289633105492040e-01 -8.657638266381758596e-01 -8.660247625475693267e-01
-8.660247529359142993e-01 -8.660253913379838409e-01 -8.658520695866824823e-01 -8.655048036600206940e-01 -8.649836277018780883e-01 -8.642885945286042926e-01 -8.634197763759818844e-01 -8.623772658722637097e-01 -8.611611772199196935e-01 -8.597716475671202119e-01 -8.582088385497370631e-01 -8.564729379861895087e-01 -8.545641617104891008e-01 -8.524827555336103035e-01 -8.502289973292950220e-01 -8.478031992480627999e-01 -8.452057100718184390e-01 -8.424369177315141899e-01 -8.394972520216636980e-01 -8.363871875584041327e-01 -8.331072470427929311e-01 -8.296580049088910780e-01 -8.260400914579804077e-01 -8.222541976079429382e-01 -8.183010804225554491e-01 -8.141815696331861085e-01 -8.098965754296629793e-01 -8.054470978859047392e-01 -8.008342385093198956e-01 -7.960592145777353190e-01 -7.911233771775963985e-01 -7.860282342197777439e-01 -7.807754802439310637e-01 -7.753670356225619287e-01 -7.698050989966607194e-01 -7.640922186743108746e-01 -7.582313917459024832e-01 -7.522262045979144496e-01 -7.460810367649850505e-01 -7.398013643215920476e-01 -7.333942244868784099e-01 -7.268689503531383655e-01 -7.202383759981125788e-01 -7.135208973442841440e-01 -7.067441689767001156e-01 -6.999521067076752701e-01 -6.932189783364000046e-01 -6.866795540066772396e-01 -6.805964388307129687e-01 -6.755031630201636661e-01 -6.723906490591043950e-01 -6.723889435872612008e-01 -6.754985332225063033e-01 -6.805896476324780897e-01 -6.866710789042508312e-01 -6.932090710342363460e-01 -6.999409104436671303e-01 -7.067317787557415576e-01 -7.135073867481414034e-01 -7.202238093516840634e-01 -7.268533885365032754e-01 -7.333777278467853433e-01 -7.397839941715578238e-01 -7.460628561526954083e-01 -7.522072786675511047e-01 -7.582117878626147833e-01 -7.640720064006800705e-01 -7.697843499721066518e-01 -7.753458233760541773e-01 -7.807538799593320977e-01 -7.860063224667760418e-01 -7.911012316176967429e-01 -7.960369136525575762e-01 -8.008118611171807233e-01 -8.054247230518434275e-01 -8.098742819734181531e-01 -8.141594358392698627e-01 -8.182791837161054183e-01 -8.222326142396919613e-01 -8.260188962013742531e-01 -8.296372707718555617e-01 -8.330870449964180580e-01 -8.363675862842341324e-01 -8.394783176789692991e-01 -8.424187137453950092e-01 -8.451882969426138814e-01 -8.477866343821075512e-01 -8.502133348906188992e-01 -8.524680463159461929e-01 -8.545504530284671052e-01 -8.564602735844755177e-01 -8.581972585285583266e-01 -8.597611883225098062e-01 -8.611518713968993044e-01 -8.623691423291308666e-01 -8.634128601578956452e-01 -8.642829068487182242e-01 -8.649791859284372553e-01 -8.655016213079076426e-01 -8.658501563122092959e-01
-8.657637880739090797e-01 -8.658520407625274196e-01 -8.657663374339557016e-01 -8.655066832313735858e-01 -8.650731014281267672e-01 -8.644656338058304135e-01 -8.636843412757844174e-01 -8.627293047319808394e-01 -8.616006261203065231e-01 -8.602984297063845931e-01 -8.588228635235632957e-01 -8.571741009831669311e-01 -8.553523426315037259e-01 -8.533578180418575077e-01 -8.511907878350639667e-01 -8.488515458289969118e-01 -8.463404213251890518e-01 -8.436577815501354882e-01 -8.408040342792806321e-01 -8.377796306835916251e-01 -8.345850684523674623e-01 -8.312208952621282787e-01 -8.276877126809034646e-01 -8.239861806217161355e-01 -8.201170224902450956e-01 -8.160810312129338495e-01 -8.118790763869573324e-01 -8.075121128690565531e-01 -8.029811912246970218e-01 -7.982874706059179815e-01 -7.934322348348417098e-01 -7.884169127706075475e-01 -7.832431044771450690e-01 -7.779126153619542183e-01 -7.724275014424707431e-01 -7.667901304155407827e-01 -7.610032655950704772e-01 -7.550701836302146086e-01 -7.489948432736830419e-01 -7.427821332793663744e-01 -7.364382464839901443e-01 -7.299712616427286305e-01 -7.233920799103112920e-01 -7.167159920803646278e-01 -7.099654211840968898e-01 -7.031749734457908296e-01 -6.964012926161881056e-01 -6.897435162091483107e-01 -6.833881990371011295e-01 -6.777092309708714346e-01 -6.734532846910927795e-01 -6.717935201933966649e-01 -6.734467531515959671e-01 -6.776976676439868674e-01 -6.833728693670245713e-01 -6.897251125174179709e-01 -6.963801879262238037e-01 -7.031513961400632784e-01 -7.099395354309662176e-01 -7.166879336921527788e-01 -7.233619730262984548e-01 -7.299392269042241921e-01 -7.364044052013910546e-01 -7.427466095842932825e-01 -7.489577651913645884e-01 -7.550316835364530021e-01 -7.609634803010628668e-01 -7.667492010147829440e-01 -7.723855729978101881e-01 -7.778698364807692389e-01 -7.831996268059971955e-01 -7.883728904313314079e-01 -7.933878238184115528e-01 -7.982428281372144774e-01 -8.029364751091896402e-01 -8.074674808309822982e-01 -8.118346854076452512e-01 -8.160370368770430982e-01 -8.200735783469810247e-01 -8.239434375673460043e-01 -8.276458183680878156e-01 -8.311799935408846762e-01 -8.345452988465906774e-01 -8.377411279061866001e-01 -8.407669277881480996e-01 -8.436221951463419577e-01 -8.463064727937810172e-01 -8.488193466221434225e-01 -8.511604427964533093e-01 -8.533294251705747513e-01 -8.553259928830555525e-01 -8.571498781047705018e-01 -8.588008439205614408e-01 -8.602786823362549296e-01 -8.615832124106670431e-01 -8.627142785189553242e-01 -8.636717487591560882e-01 -8.644555135176436034e-01 -8.650654842116429766e-01 -8.655015922276603213e-01
-8.653288761028927745e-01 -8.655047265755025920e-01 -8.655066352280340602e-01 -8.653345962859113616e-01 -8.649886222169611560e-01 -8.644687439799376705e-01 -8.637750115157099007e-01 -8.629074944722150420e-01 -8.618662831503065558e-01 -8.606514896550641058e-01 -8.592632492354539409e-01 -8.577017217953244455e-01 -8.559670935600683928e-01 -8.540595788864551174e-01 -8.519794222073922008e-01 -8.497269001094689411e-01 -8.473023235481362825e-01 -8.447060402138182322e-01 -8.419384370718558941e-01 -8.389999431101238248e-01 -8.358910323405952525e-01 -8.326122271159314137e-01 -8.291641018394736440e-01 -8.255472871688072090e-01 -8.217624748403489221e-01 -8.178104232781862049e-01 -8.136919641979654116e-01 -8.094080104811026688e-01 -8.049595656833755664e-01 -8.003477356657447972e-01 -7.955737430103034802e-01 -7.906389451343702746e-01 -7.855448573792935818e-01 -7.802931828851940033e-01 -7.748858518642143256e-01 -7.693250741061918863e-01 -7.636134104514586962e-01 -7.577538719889929109e-01 -7.517500606684315301e-01 -7.456063732744427908e-01 -7.393283049762811032e-01 -7.329229141399847824e-01 -7.263995573268211547e-01 -7.197710947373324730e-01 -7.130559514041068248e-01 -7.062818140714579584e-01 -6.994926325318834293e-01 -6.927627041831385668e-01 -6.862267995977958668e-01 -6.801474008651688941e-01 -6.750574606738285466e-01 -6.719461202827137214e-01 -6.719410252086842616e-01 -6.750436260474240724e-01 -6.801271028090960513e-01 -6.862014642482079374e-01 -6.927330840378117527e-01 -6.994591561640167710e-01 -7.062447659155279833e-01 -7.130155518349907684e-01 -7.197275364254358543e-01 -7.263530226104925047e-01 -7.328735837300173195e-01 -7.392763624418943191e-01 -7.455520073389917401e-01 -7.516934662942234002e-01 -7.576952507510148482e-01 -7.635529704686985220e-01 -7.692630296827800418e-01 -7.748224229312843381e-01 -7.802285943010969227e-01 -7.854793381269891128e-01 -7.905727274442209129e-01 -7.955070614299292187e-01 -8.002808260948590657e-01 -8.048926643888674182e-01 -8.093413531060328348e-01 -8.136257847766532603e-01 -8.177449532685345801e-01 -8.216979421833656705e-01 -8.254839153842558064e-01 -8.291021091653487662e-01 -8.325518256983057697e-01 -8.358324274790842612e-01 -8.389433325629453986e-01 -8.418840104231113397e-01 -8.446539783043528482e-01 -8.472527979701075518e-01 -8.496800727635129835e-01 -8.519354449202811708e-01 -8.540185930861257102e-01 -8.559292300041378976e-01 -8.576671003485263345e-01 -8.592319786910189716e-01 -8.606236675946469239e-01 -8.618419958371086320e-01 -8.628868167718296567e-01 -8.637580068395426247e-01 -8.644554642463491145e-01 -8.649791078258319832e-01
-8.647200616797531270e-01 -8.649834824686515322e-01 -8.650729859148524881e-01 -8.649885550928484435e-01 -8.647301915773973890e-01 -8.642979155654657575e-01 -8.636917662365040105e-01 -8.629118023449942054e-01 -8.619581030353322681e-01 -8.608307688660878920e-01 -8.595299230287509751e-01 -8.580557127454095934e-01 -8.564083108306407288e-01 -8.545879174050149407e-01 -8.525947617513903731e-01 -8.504291043100464798e-01 -8.480912388151051751e-01 -8.455814945821400475e-01 -8.429002389654784988e-01 -8.400478800137889390e-01 -8.370248693636429538e-01 -8.338317054241852766e-01 -8.304689369215254580e-01 -8.269371668906847495e-01 -8.232370572269811504e-01 -8.193693339398189224e-01 -8.153347932928450836e-01 -8.111343090698410752e-01 -8.067688412811582221e-01 -8.022394467305031807e-01 -7.975472920088778617e-01 -7.926936696918118752e-01 -7.876800188173415096e-01 -7.825079511626646944e-01 -7.771792854911349080e-01 -7.716960929289579108e-01 -7.660607581514397024e-01 -7.602760634503367143e-01 -7.543453066039095267e-01 -7.482724698325319279e-01 -7.420624679373422072e-01 -7.357215227020847959e-01 -7.292577451609298933e-01 -7.226820726602222189e-01 -7.160098368434210103e-01 -7.092635070633257488e-01 -7.024777416618022130e-01 -6.957092398263562405e-01 -6.890571834795031769e-01 -6.827080988588923871e-01 -6.770355285290043934e-01 -6.727846767780045756e-01 -6.711251483886445657e-01 -6.727716929557239212e-01 -6.770125335890673224e-01 -6.826776049292864190e-01 -6.890205670938540639e-01 -6.956672436468314125e-01 -7.024308208725625891e-01 -7.092119891062297343e-01 -7.159539926926464792e-01 -7.226221499995788555e-01 -7.291939846475142817e-01 -7.356541662591061792e-01 -7.419917630389651908e-01 -7.481986716406462401e-01 -7.542686788805449405e-01 -7.601968787297328500e-01 -7.659792974388570652e-01 -7.716126450814928539e-01 -7.770941463760163703e-01 -7.824214226553940499e-01 -7.875924076832609977e-01 -7.926052863836663409e-01 -7.974584494064026474e-01 -8.021504588438701511e-01 -8.066800219374314906e-01 -8.110459705995258783e-01 -8.152472452320440599e-01 -8.192828817619797199e-01 -8.231520011168390605e-01 -8.268538005713993444e-01 -8.303875465445531567e-01 -8.337525685296807154e-01 -8.369482539175481239e-01 -8.399740435259890337e-01 -8.428294276916855621e-01 -8.455139428104443411e-01 -8.480271682365749797e-01 -8.503687234711621024e-01 -8.525382655848741109e-01 -8.545354868343220112e-01 -8.563601124425173072e-01 -8.580118985241242946e-01 -8.594906301450908614e-01 -8.607961195140023669e-01 -8.619282043089296907e-01 -8.628867461489226898e-01 -8.636716292230042225e-01 -8.642827590920401093e-01
-8.639374082309766445e-01 -8.642883605897813126e-01 -8.644654307253174519e-01 -8.644685901836843822e-01 -8.642978294082915847e-01 -8.639531577422343567e-01 -8.634346036610469621e-01 -8.627422152325370241e-01 -8.618760607967288490e-01 -8.608362298557843406e-01 -8.596228341616607427e-01 -8.582360089881404530e-01 -8.566759145741418280e-01 -8.549427377266518580e-01 -8.530366935745437029e-01 -8.509580274687553736e-01 -8.487070170295880622e-01 -8.462839743485968125e-01 -8.436892483601627912e-01 -8.409232274067250934e-01 -8.379863420318677258e-01 -8.348790680471848136e-01 -8.316019299329057146e-01 -8.281555046490851613e-01 -8.245404259553286153e-01 -8.207573893640935925e-01 -8.168071578880737871e-01 -8.126905687896877062e-01 -8.084085416053291562e-01 -8.039620878059086095e-01 -7.993523225796395071e-01 -7.945804793983345382e-01 -7.896479282796742272e-01 -7.845561990220727422e-01 -7.793070112248279280e-01 -7.739023137089382498e-01 -7.683443371772347152e-01 -7.626356658556789903e-01 -7.567793368846474911e-01 -7.507789811637181066e-01 -7.446390276200366420e-01 -7.383650071434388895e-01 -7.319640179178137362e-01 -7.254454611267704411e-01 -7.188222473502350329e-01 -7.121128589627805372e-01 -7.053450482184677739e-01 -6.985628384679725134e-01 -6.918406017346878656e-01 -6.853131480799802278e-01 -6.792428087364875688e-01 -6.741616010423006067e-01 -6.710554395235396319e-01 -6.710470175071078236e-01 -6.741387226679442790e-01 -6.792092264235644050e-01 -6.852712179741468068e-01 -6.917915694195464482e-01 -6.985074144789356065e-01 -7.052837046980241498e-01 -7.120459619764112347e-01 -7.187501170057638555e-01 -7.253684003184863727e-01 -7.318823267353523621e-01 -7.382789903012303423e-01 -7.445489982622608416e-01 -7.506852626652593674e-01 -7.566822634751547705e-01 -7.625355825115700537e-01 -7.682415990335010880e-01 -7.737972851412450170e-01 -7.792000646971872779e-01 -7.844477137644497722e-01 -7.895382888419728573e-01 -7.944700741167411984e-01 -7.992415419847913594e-01 -8.038513229982116037e-01 -8.082981826199044928e-01 -8.125810029711681981e-01 -8.166987682935880066e-01 -8.206505532110226486e-01 -8.244355131284639704e-01 -8.280528762800690723e-01 -8.315019370626923756e-01 -8.347820503802453329e-01 -8.378926267887012447e-01 -8.408331282790419969e-01 -8.436030645709771125e-01 -8.462019898174240051e-01 -8.486294996409206037e-01 -8.508852284403281008e-01 -8.529688469202034717e-01 -8.548800598074492996e-01 -8.566186037301004585e-01 -8.581842452424290890e-01 -8.595767789884063426e-01 -8.607960260025511179e-01 -8.618418321527971937e-01 -8.627140667344334046e-01 -8.634126212274235712e-01
-8.629809988369061546e-01 -8.634194323072460486e-01 -8.636840298114641934e-01 -8.637747508551512077e-01 -8.636915743672552992e-01 -8.634344985935292760e-01 -8.630035412091415781e-01 -8.623987396496318736e-01 -8.616201516559278684e-01 -8.606678560263454347e-01 -8.595419535661857902e-01 -8.582425682242751375e-01 -8.567698484055907837e-01 -8.551239684500484550e-01 -8.533051302697649554e-01 -8.513135651404166726e-01 -8.491495356469567213e-01 -8.468133377895342706e-01 -8.443053032622824805e-01 -8.416258019253302081e-01 -8.387752444995075773e-01 -8.357540855236555988e-01 -8.325628266267417477e-01 -8.292020201818917080e-01 -8.256722734279836606e-01 -8.219742531678921882e-01 -8.181086911832756714e-01 -8.140763905466682493e-01 -8.098782330668578000e-01 -8.055151881794039292e-01 -8.009883236993268207e-01 -7.962988190007127542e-01 -7.914479813980066503e-01 -7.864372668061634375e-01 -7.812683061984567745e-01 -7.759429400361859130e-01 -7.704632638341303297e-01 -7.648316895487545786e-01 -7.590510298712602744e-01 -7.531246163624805146e-01 -7.470564687343094201e-01 -7.408515434064784078e-01 -7.345161084626060655e-01 -7.280583266680139554e-01 -7.214891935504393894e-01 -7.148241067320745268e-01 -7.080856109379964902e-01 -7.013084504146556153e-01 -6.945494182421871887e-01 -6.879077787397761545e-01 -6.815700386775466191e-01 -6.759092460773081790e-01 -6.716683687971568562e-01 -6.700113304711242668e-01 -6.716490862733345280e-01 -6.758750755339706373e-01 -6.815247028439891386e-01 -6.878533226358343189e-01 -6.944869475627145627e-01 -7.012386440443946212e-01 -7.080089578281399953e-01 -7.147410117303202304e-01 -7.214000267032719682e-01 -7.279634474033934710e-01 -7.344158779277126792e-01 -7.407463308472813646e-01 -7.469466546812856267e-01 -7.530105939957983940e-01 -7.589332052851590626e-01 -7.647104813123248856e-01 -7.703391020794154720e-01 -7.758162652154992900e-01 -7.811395676035991498e-01 -7.863069209142510285e-01 -7.913164900922923239e-01 -7.961666477049774704e-01 -8.008559394582657198e-01 -8.053830577133611612e-01 -8.097468208263334244e-01 -8.139461567895818206e-01 -8.179800900957904242e-01 -8.218477310474522346e-01 -8.255482669450189270e-01 -8.290809547342690156e-01 -8.324451147986371424e-01 -8.356401256579506498e-01 -8.386654193902201015e-01 -8.415204776340697856e-01 -8.442048280601022192e-01 -8.467180412232124809e-01 -8.490597277265097276e-01 -8.512295356426180515e-01 -8.532271481507291977e-01 -8.550522813585618165e-01 -8.567046822876901446e-01 -8.581841270089118900e-01 -8.594904189213634638e-01 -8.606233871750919029e-01 -8.615828852416874684e-01 -8.623687896413324561e-01
-8.618509373383717032e-01 -8.623767892053952888e-01 -8.627288631193382740e-01 -8.629071059113344599e-01 -8.629114844774977700e-01 -8.627419855771709667e-01 -8.623986158364944643e-01 -8.618814019581998442e-01 -8.611903911359446440e-01 -8.603256516687987077e-01 -8.592872737695276264e-01 -8.580753705589889702e-01 -8.566900792385084840e-01 -8.551315624327011644e-01 -8.534000096967704341e-01 -8.514956391851034034e-01 -8.494186994816925740e-01 -8.471694715977433621e-01 -8.447482711474927353e-01 -8.421554507201644002e-01 -8.393914024737472168e-01 -8.364565609854157646e-01 -8.333514064042417679e-01 -8.300764679648261479e-01 -8.266323279364657939e-01 -8.230196261031281768e-01 -8.192390648957775801e-01 -8.152914153339523295e-01 -8.111775239808192151e-01 -8.068983211806901590e-01 -8.024548309371262178e-01 -7.978481829148269533e-01 -7.930796272244963196e-01 -7.881505529021397560e-01 -7.830625113596528797e-01 -7.778172466213845171e-01 -7.724167349657876658e-01 -7.668632378174475850e-01 -7.611593736411028654e-01 -7.553082176209044984e-01 -7.493134428490135779e-01 -7.431795250228840910e-01 -7.369120469355896486e-01 -7.305181645454347228e-01 -7.240073436760150472e-01 -7.173925677391981282e-01 -7.106924017972001684e-01 -7.039346922909984761e-01 -6.971635680377302746e-01 -6.904535080329999852e-01 -6.839393803638922353e-01 -6.778833085723402485e-01 -6.728160005778357489e-01 -6.697187958145863762e-01 -6.697071467278932211e-01 -6.727843361534809885e-01 -6.778367995678550306e-01 -6.838812833326641805e-01 -6.903855492728993015e-01 -6.970867345900297884e-01 -7.038496412023711457e-01 -7.105996430157246468e-01 -7.172925473123076268e-01 -7.239004835607468769e-01 -7.304048825778765019e-01 -7.367927671352982877e-01 -7.430546828764785783e-01 -7.491834878173919687e-01 -7.551736140159648336e-01 -7.610206004883467434e-01 -7.667207880534707698e-01 -7.722711141791546163e-01 -7.776689714688156396e-01 -7.829121077465703848e-01 -7.879985539918552551e-01 -7.929265713257171999e-01 -7.976946112882040696e-01 -8.023012855558676604e-01 -8.067453424762435210e-01 -8.110256486015943178e-01 -8.151411739424658798e-01 -8.190909800271298780e-01 -8.228742101050920965e-01 -8.264900810089748084e-01 -8.299378763138071102e-01 -8.332169405218123881e-01 -8.363266740655312947e-01 -8.392665289694249964e-01 -8.420360050452679879e-01 -8.446346465233952605e-01 -8.470620390423684309e-01 -8.493178069360223237e-01 -8.514016107700823621e-01 -8.533131450917199601e-01 -8.550521363648373452e-01 -8.566183410722388869e-01 -8.580115439728678295e-01 -8.592315565085859586e-01 -8.602782153600255777e-01 -8.611513811553257458e-01
-8.605473496460984695e-01 -8.611605442928158549e-01 -8.616000314825942308e-01 -8.618657446315675097e-01 -8.619576379621091133e-01 -8.618756862220482429e-01 -8.616198845932855344e-01 -8.611902487919551596e-01 -8.605868153602040937e-01 -8.598096421477372520e-01 -8.588588089796036495e-01 -8.577344185055193471e-01 -8.564365972256706705e-01 -8.549654966882422880e-01 -8.533212948551504029e-01 -8.515041976346847674e-01 -8.495144405828060075e-01 -8.473522907788004765e-01 -8.450180488859375671e-01 -8.425120514133550564e-01 -8.398346732022914374e-01 -8.369863301674820288e-01 -8.339674823339144893e-01 -8.307786372202189407e-01 -8.274203536340360987e-01 -8.238932459620722515e-01 -8.201979890606173607e-01 -8.163353238823842783e-01 -8.123060640162175217e-01 -8.081111033714941660e-01 -8.037514253150058741e-01 -7.992281136738764724e-01 -7.945423661663902903e-01 -7.896955110338221839e-01 -7.846890279497272802e-01 -7.795245747266452696e-01 -7.742040219974035686e-01 -7.687294990402611106e-01 -7.631034554435244255e-01 -7.573287457043949011e-01 -7.514087477171608187e-01 -7.453475324810800995e-01 -7.391501131925579671e-01 -7.328228208945900546e-01 -7.263738884098517312e-01 -7.198143896296114175e-01 -7.131598103808927114e-01 -7.064327951147756357e-01 -6.996682000806482282e-01 -6.929229379876886696e-01 -6.862963725657400538e-01 -6.799749676254687181e-01 -6.743310923337911822e-01 -6.701047362228499393e-01 -6.684522702756342527e-01 -6.700793729760508022e-01 -6.742861115432203789e-01 -6.799152521396160109e-01 -6.862246135644820555e-01 -6.928405947114341101e-01 -6.995761706198189156e-01 -7.063317273495286486e-01 -7.130502411314693090e-01 -7.196968095505652530e-01 -7.262487738464591391e-01 -7.326906501486274426e-01 -7.390113749421212130e-01 -7.452027299935335414e-01 -7.512584006639397849e-01 -7.571733905258436481e-01 -7.629436447871137394e-01 -7.685658005763778000e-01 -7.740370167995668238e-01 -7.793548553381397515e-01 -7.845171962217669659e-01 -7.895221757987951339e-01 -7.943681407968251618e-01 -7.990536135697262621e-01 -8.035772653564953183e-01 -8.079378953708379330e-01 -8.121344141984843112e-01 -8.161658304228028848e-01 -8.200312397028777234e-01 -8.237298157392614062e-01 -8.272608027107639650e-01 -8.306235088712503600e-01 -8.338173010713290090e-01 -8.368416000249669917e-01 -8.396958761816923911e-01 -8.423796460954491305e-01 -8.448924692040221673e-01 -8.472339449509537213e-01 -8.494037101959391878e-01 -8.514014368713216374e-01 -8.532268298519412042e-01 -8.548796250138992470e-01 -8.563595874649786444e-01 -8.576665099356242106e-01 -8.588002113246964164e-01 -8.597605353986277343e-01
-8.590703852323220424e-01 -8.597708334034719346e-01 -8.602976579183359007e-01 -8.606507779477547970e-01 -8.608301342921413912e-01 -8.608356890393220606e-01 -8.606674253947437236e-01 -8.603253476865179161e-01 -8.598094815465233687e-01 -8.591198742676049438e-01 -8.582565953357672583e-01 -8.572197371356113926e-01 -8.560094158269706544e-01 -8.546257723910974935e-01 -8.530689738457627458e-01 -8.513392146305465147e-01 -8.494367181659499000e-01 -8.473617385934388846e-01 -8.451145627073988198e-01 -8.426955120948502742e-01 -8.401049455043514413e-01 -8.373432614721040279e-01 -8.344109012411193849e-01 -8.313083520188135900e-01 -8.280361506301576746e-01 -8.245948876385862381e-01 -8.209852120263705366e-01 -8.172078365520747401e-01 -8.132635439374327202e-01 -8.091531940832222825e-01 -8.048777325785212433e-01 -8.004382008573680540e-01 -7.958357484823173067e-01 -7.910716482115492942e-01 -7.861473147594776334e-01 -7.810643285277174552e-01 -7.758244661230035977e-01 -7.704297402852501309e-01 -7.648824530779947395e-01 -7.591852681032875694e-01 -7.533413105393126363e-01 -7.473543087459334489e-01 -7.412287994664352730e-01 -7.349704329488051524e-01 -7.285864398224203287e-01 -7.220863688363186039e-01 -7.154832958815048327e-01 -7.087958895034387474e-01 -7.020521115682625268e-01 -6.952962159795356145e-01 -6.886028006535038770e-01 -6.821067771597736362e-01 -6.760699577034543495e-01 -6.710213397632246446e-01 -6.679364901395437037e-01 -6.679217441605170835e-01 -6.709812272563021596e-01 -6.760109941384705445e-01 -6.820330811723249731e-01 -6.885165629686446076e-01 -6.951986928686827438e-01 -7.019441412003165626e-01 -7.086781232412522336e-01 -7.153563036471936032e-01 -7.219506895792036083e-01 -7.284426068568146118e-01 -7.348189870421328873e-01 -7.410702955613693854e-01 -7.471893191617290375e-01 -7.531704261054535943e-01 -7.590090980072194959e-01 -7.647016238697034174e-01 -7.702448943029953643e-01 -7.756362595074395294e-01 -7.808734289371597193e-01 -7.859543988676085391e-01 -7.908773990504142093e-01 -7.956408526819942484e-01 -8.002433458265783006e-01 -8.046836036653270963e-01 -8.089604717511797993e-01 -8.130729009892797565e-01 -8.170199354298894878e-01 -8.208007022139671705e-01 -8.244144031885923818e-01 -8.278603078347003263e-01 -8.311377472390926169e-01 -8.342461089073756053e-01 -8.371848322616438631e-01 -8.399534047015358995e-01 -8.425513581333797797e-01 -8.449782658917400768e-01 -8.472337399932132751e-01 -8.493174286743343515e-01 -8.512290141755048944e-01 -8.529682107410747616e-01 -8.545347628128703299e-01 -8.559284434005374198e-01 -8.571490526173521918e-01 -8.581964163747388685e-01
-8.574202187845630929e-01 -8.582078167705314842e-01 -8.588218891057177728e-01 -8.592623398131822299e-01 -8.595290954326898492e-01 -8.596221046353829109e-01 -8.595413379936334142e-01 -8.592867879079175708e-01 -8.588584686922099420e-01 -8.582564168190720544e-01 -8.574806913252375207e-01 -8.565313743785087919e-01 -8.554085720066748610e-01 -8.541124149901032636e-01 -8.526430599204617433e-01 -8.510006904297785502e-01 -8.491855185961763031e-01 -8.471977865353740311e-01 -8.450377681904023275e-01 -8.427057713357453128e-01 -8.402021398169696731e-01 -8.375272560519975151e-01 -8.346815438269172827e-01 -8.316654714268618687e-01 -8.284795551525325763e-01 -8.251243632854222687e-01 -8.216005205814680412e-01 -8.179087133947658961e-01 -8.140496955626089770e-01 -8.100242952234979477e-01 -8.058334227948078521e-01 -8.014780804131939052e-01 -7.969593732468944758e-01 -7.922785232384830234e-01 -7.874368860485100319e-01 -7.824359722756512037e-01 -7.772774744737991348e-01 -7.719633021459569866e-01 -7.664956278892582908e-01 -7.608769493946812013e-01 -7.551101744078512201e-01 -7.491987396221286843e-01 -7.431467808558419597e-01 -7.369593827061536873e-01 -7.306429548860809975e-01 -7.242058170045216903e-01 -7.176591388709269159e-01 -7.110185124513244137e-01 -7.043066992479642963e-01 -6.975586820115579068e-01 -6.908314995283609816e-01 -6.842246000734120148e-01 -6.779243314801318698e-01 -6.723021435460379003e-01 -6.680943439139250817e-01 -6.664482554556638849e-01 -6.680631671861798626e-01 -6.722468043882522393e-01 -6.778508125031974529e-01 -6.841362112975142296e-01 -6.907300419173535433e-01 -6.974452671767641387e-01 -7.041821306860371887e-01 -7.108834564790258437e-01 -7.175142044422633258e-01 -7.240515949317455346e-01 -7.304800378866131982e-01 -7.367883757949242884e-01 -7.429683065594826497e-01 -7.490134402410499881e-01 -7.549187124935703430e-01 -7.606800070867498764e-01 -7.662939054862941690e-01 -7.717575161407164153e-01 -7.770683552022774609e-01 -7.822242612847604137e-01 -7.872233332602837086e-01 -7.920638839729495784e-01 -7.967444051557583951e-01 -8.012635403699447378e-01 -8.056200637821573363e-01 -8.098128632551320205e-01 -8.138409266728758862e-01 -8.177033307263447126e-01 -8.213992315976190728e-01 -8.249278571295840523e-01 -8.282885001741800979e-01 -8.314805128882892804e-01 -8.345033018015705073e-01 -8.373563235206967770e-01 -8.400390809643185630e-01 -8.425511200451796245e-01 -8.448920267326512912e-01 -8.470614244420485717e-01 -8.490589717073122600e-01 -8.508843601020625869e-01 -8.525373123810489062e-01 -8.540175808198948726e-01 -8.553249457363041319e-01 -8.564592141802490621e-01
-8.555970520038613802e-01 -8.564716807540686538e-01 -8.571728970284180349e-01 -8.577005887447398669e-01 -8.580546672705278155e-01 -8.582350670121843272e-01 -8.582417451431567645e-01 -8.580746814711039949e-01 -8.577338784449275444e-01 -8.572193613031435788e-01 -8.565311783655447098e-01 -8.556694014708257079e-01 -8.546341265635759576e-01 -8.534254744350522337e-01 -8.520435916235532536e-01 -8.504886514817213694e-01 -8.487608554203044386e-01 -8.468604343400273349e-01 -8.447876502663019815e-01 -8.425427982043751651e-01 -8.401262082364403527e-01 -8.375382478863382385e-01 -8.347793247828358965e-01 -8.318498896586083990e-01 -8.287504397302033476e-01 -8.254815225146359126e-01 -8.220437401520424014e-01 -8.184377543223615437e-01 -8.146642918690019108e-01 -8.107241512767937586e-01 -8.066182101984223918e-01 -8.023474342884110433e-01 -7.979128876937675585e-01 -7.933157456764996507e-01 -7.885573100212367459e-01 -7.836390281358459609e-01 -7.785625171211513207e-01 -7.733295946274061361e-01 -7.679423191238636814e-01 -7.624030434390018929e-01 -7.567144873415809769e-01 -7.508798379717670501e-01 -7.449028918815893130e-01 -7.387882607298408288e-01 -7.325416769718887666e-01 -7.261704613908467332e-01 -7.196842615580021363e-01 -7.130962615342658628e-01 -7.064252476248307211e-01 -6.996993075837808496e-01 -6.929628220918990777e-01 -6.862904900542950992e-01 -6.798172034895071381e-01 -6.738042912194698308e-01 -6.687786001855507978e-01 -6.657089432538906282e-01 -6.656912509727286320e-01 -6.687304343606013113e-01 -6.737334305224035313e-01 -6.797285849122348678e-01 -6.861867496748873529e-01 -6.928454767184937246e-01 -6.995693719045199543e-01 -7.062835113554912780e-01 -7.129434158681373646e-01 -7.195209598024004949e-01 -7.259973494427931495e-01 -7.323594090814534718e-01 -7.385975076144050133e-01 -7.447043446088367213e-01 -7.506742093577116748e-01 -7.565025118033956719e-01 -7.621854758348325376e-01 -7.677199328972923453e-01 -7.731031794573752780e-01 -7.783328762125603095e-01 -7.834069752483189264e-01 -7.883236663111956588e-01 -7.930813364140539834e-01 -7.976785389072729160e-01 -8.021139693835084294e-01 -8.063864465938802573e-01 -8.104948970954628518e-01 -8.144383427185649671e-01 -8.182158901967135911e-01 -8.218267224801867332e-01 -8.252700913798222127e-01 -8.285453112775938989e-01 -8.316517537052339204e-01 -8.345888426391190329e-01 -8.373560503938404231e-01 -8.399528940222049656e-01 -8.423789321481885972e-01 -8.446337621734693046e-01 -8.467170178090781540e-01 -8.486283668922884882e-01 -8.503675094557225922e-01 -8.519341760214345083e-01 -8.533281260976461891e-01 -8.545491468601309482e-01
-8.536011155336600265e-01 -8.545626397070101854e-01 -8.553508807643435130e-01 -8.559657095218435874e-01 -8.564070212074217370e-01 -8.566747350408729922e-01 -8.567687939384571738e-01 -8.566891643393945710e-01 -8.564358361534394337e-01 -8.560088228302984437e-01 -8.554081615531600180e-01 -8.546339135601410675e-01 -8.536861645990494463e-01 -8.525650255224146434e-01 -8.512706330316337500e-01 -8.498031505808734121e-01 -8.481627694534921158e-01 -8.463497100259336214e-01 -8.443642232364806377e-01 -8.422065922787919101e-01 -8.398771345431750301e-01 -8.373762038317247303e-01 -8.347041928775869035e-01 -8.318615362033745519e-01 -8.288487133601585288e-01 -8.256662525967624067e-01 -8.223147350203228179e-01 -8.187947993244606426e-01 -8.151071471822930459e-01 -8.112525494305897755e-01 -8.072318532110078770e-01 -8.030459902896500690e-01 -7.986959868524079464e-01 -7.941829751803650694e-01 -7.895082077594688386e-01 -7.846730745917646077e-01 -7.796791247818277704e-01 -7.745280939183016855e-01 -7.692219394314881997e-01 -7.637628871041397538e-01 -7.581534934435801842e-01 -7.523967310275005982e-01 -7.464961078015855955e-01 -7.404558376870813419e-01 -7.342810906924222003e-01 -7.279783697237237616e-01 -7.215560958065239117e-01 -7.150255486618607437e-01 -7.084024383862080887e-01 -7.017096509800681003e-01 -6.949822937230002440e-01 -6.882775103609294343e-01 -6.816947731539998445e-01 -6.754201700202581149e-01 -6.698239109013091053e-01 -6.656379724587954128e-01 -6.639996595749504404e-01 -6.656012778543110020e-01 -6.697587202459466260e-01 -6.753335018390318467e-01 -6.815905263120913826e-01 -6.881578141872916055e-01 -6.948484667728938025e-01 -7.015626484407355701e-01 -7.082430530675571934e-01 -7.148545049724930323e-01 -7.213740959845431622e-01 -7.277861174969058045e-01 -7.340793035672324995e-01 -7.402452531368993727e-01 -7.462774859764711444e-01 -7.521708553611128334e-01 -7.579211699166868987e-01 -7.635249426059906863e-01 -7.689792194899184308e-01 -7.742814599749754390e-01 -7.794294511355503996e-01 -7.844212451013170551e-01 -7.892551123787965306e-01 -7.939295063871849578e-01 -7.984430360236662860e-01 -8.027944440717156294e-01 -8.069825899279143844e-01 -8.110064355696954275e-01 -8.148650339926734043e-01 -8.185575195591598963e-01 -8.220830998492667518e-01 -8.254410487124029805e-01 -8.286307002932633559e-01 -8.316514438612818694e-01 -8.345027193124976428e-01 -8.371840132417125435e-01 -8.396948555040979478e-01 -8.420348162011523918e-01 -8.442035030374970273e-01 -8.462005590039515246e-01 -8.480256603492887235e-01 -8.496785148084624595e-01 -8.511588600599356846e-01 -8.524664623884816717e-01
-8.514326710109693108e-01 -8.524809379682312116e-01 -8.533560684097274418e-01 -8.540579150283811316e-01 -8.545863559055495440e-01 -8.549412940960202656e-01 -8.551226573257619812e-01 -8.551303977963473635e-01 -8.549644920925311142e-01 -8.546249411920248118e-01 -8.541117705791021475e-01 -8.534250304660948583e-01 -8.525647961293627564e-01 -8.515311683687062372e-01 -8.503242741016636685e-01 -8.489442671064558743e-01 -8.473913289296741702e-01 -8.456656699770866981e-01 -8.437675308082146497e-01 -8.416971836575009025e-01 -8.394549342072719078e-01 -8.370411236401593680e-01 -8.344561310016183064e-01 -8.317003759066956547e-01 -8.287743216300523796e-01 -8.256784786245279228e-01 -8.224134085225448532e-01 -8.189797286869848758e-01 -8.153781173955221284e-01 -8.116093197665603665e-01 -8.076741545685454104e-01 -8.035735221010054108e-01 -7.993084134005830066e-01 -7.948799211155409550e-01 -7.902892525189828543e-01 -7.855377453098189022e-01 -7.806268871061139425e-01 -7.755583399049574833e-01 -7.703339713256392995e-01 -7.649558952627699693e-01 -7.594265258080541425e-01 -7.537486502122529020e-01 -7.479255296967901590e-01 -7.419610418707794919e-01 -7.358598867860974835e-01 -7.296278929388140266e-01 -7.232724849882975482e-01 -7.168034221118572136e-01 -7.102340069182293547e-01 -7.035831488132837652e-01 -6.968790569189934336e-01 -6.901662152103439363e-01 -6.835193634472230828e-01 -6.770732424307654984e-01 -6.710884289632998989e-01 -6.660891246907154617e-01 -6.630367075308651881e-01 -6.630162265927236342e-01 -6.660333253891920213e-01 -6.710062744213679542e-01 -6.769704435191172820e-01 -6.833989813397552959e-01 -6.900300177131483137e-01 -6.967282300341653967e-01 -7.034186170377327851e-01 -7.100565796023564635e-01 -7.166138637270527134e-01 -7.230715504871044752e-01 -7.294163460759058859e-01 -7.356385095766908577e-01 -7.417306391454692172e-01 -7.476869307764985040e-01 -7.535027087926556844e-01 -7.591741186703204747e-01 -7.646979201786900937e-01 -7.700713443896642918e-01 -7.752919924495400572e-01 -7.803577623128843399e-01 -7.852667946032473312e-01 -7.900174318133647011e-01 -7.946081869761126848e-01 -7.990377191726472095e-01 -8.033048140556922068e-01 -8.074083681094006426e-01 -8.113473757368183659e-01 -8.151209185216274911e-01 -8.187281561893748894e-01 -8.221683189198312203e-01 -8.254407007522681639e-01 -8.285446538899753355e-01 -8.314795837570410075e-01 -8.342449446940902735e-01 -8.368402362039311093e-01 -8.392649996759075082e-01 -8.415188155303608974e-01 -8.436013007343275971e-01 -8.455121066463919810e-01 -8.472509171541040551e-01 -8.488174470717986253e-01 -8.502114407699776777e-01
-8.490920132385858521e-01 -8.502268519780591394e-01 -8.511887191301802380e-01 -8.519774482285004114e-01 -8.525928991750161279e-01 -8.530349578406248856e-01 -8.533035357704076285e-01 -8.533985699830816118e-01 -8.533200228576196533e-01 -8.530678821032953163e-01 -8.526421608130971830e-01 -8.520428976039241542e-01 -8.512701568503711069e-01 -8.503240290223803566e-01 -8.492046311401864056e-01 -8.479121073629913852e-01 -8.464466297306737497e-01 -8.448083990803298970e-01 -8.429976461618098327e-01 -8.410146329784595753e-01 -8.388596543811569495e-01 -8.365330399457646671e-01 -8.340351561659339330e-01 -8.313664089958818781e-01 -8.285272467808804109e-01 -8.255181636179977911e-01 -8.223397031962115244e-01 -8.189924631749184725e-01 -8.154771001736873526e-01 -8.117943354661697475e-01 -8.079449614990086292e-01 -8.039298493960713721e-01 -7.997499576629382156e-01 -7.954063423833807045e-01 -7.909001693062260863e-01 -7.862327283719243720e-01 -7.814054514417232422e-01 -7.764199342996095377e-01 -7.712779644443392701e-01 -7.659815568504062533e-01 -7.605330008730761815e-01 -7.549349230026913826e-01 -7.491903725746317244e-01 -7.433029414010358105e-01 -7.372769346571658167e-01 -7.311176211664581759e-01 -7.248316101791676402e-01 -7.184274361567863920e-01 -7.119164980948935462e-01 -7.053146282585200932e-01 -6.986448311068040873e-01 -6.919423136711901900e-01 -6.852642650106869349e-01 -6.787100565803370067e-01 -6.724652725716137036e-01 -6.668984501677537313e-01 -6.627366610174892925e-01 -6.611069446921862269e-01 -6.626947445309168128e-01 -6.668239277787426644e-01 -6.723661401435915286e-01 -6.785907723858444207e-01 -6.851272729681602280e-01 -6.917891322205460547e-01 -6.984765627394941001e-01 -7.051321887962636037e-01 -7.117207240246783417e-01 -7.182191374970893216e-01 -7.246115975777086549e-01 -7.308867200092357130e-01 -7.370359922067837299e-01 -7.430528299601173448e-01 -7.489319902463257295e-01 -7.546691929162665513e-01 -7.602608693789218997e-01 -7.657039909936808053e-01 -7.709959489187078185e-01 -7.761344680209077973e-01 -7.811175438457240716e-01 -7.859433955188053211e-01 -7.906104298610198144e-01 -7.951172135329721558e-01 -7.994624510237994253e-01 -8.036449669619011305e-01 -8.076636916728763271e-01 -8.115176492171525258e-01 -8.152059473534467582e-01 -8.187277690244960660e-01 -8.220823650682841377e-01 -8.252690479342255081e-01 -8.282871862384965089e-01 -8.311362000320854371e-01 -8.338155566832710086e-01 -8.363247672965157253e-01 -8.386633836040887635e-01 -8.408309952771528817e-01 -8.428272276102066751e-01 -8.446517395382869831e-01 -8.463042219502521224e-01 -8.477843962648201614e-01
-8.465794724852512276e-01 -8.478006925188987797e-01 -8.488491253380011647e-01 -8.497245842729795884e-01 -8.504269099985549696e-01 -8.509559701562804390e-01 -8.513116590783331716e-01 -8.514938975967644152e-01 -8.515026329267098015e-01 -8.513378386161765121e-01 -8.509995145596107591e-01 -8.504876870769704222e-01 -8.498024090644057393e-01 -8.489437602271923122e-01 -8.479118474095290736e-01 -8.467068050398137702e-01 -8.453287957133714947e-01 -8.437780109377884807e-01 -8.420546720684598530e-01 -8.401590314642047863e-01 -8.380913738945886537e-01 -8.358520182318881497e-01 -8.334413194622202203e-01 -8.308596710516371608e-01 -8.281075077052426625e-01 -8.251853085602536275e-01 -8.220936008588841659e-01 -8.188329641540361692e-01 -8.154040351118791996e-01 -8.118075129914440469e-01 -8.080441659044053093e-01 -8.041148379912431698e-01 -8.000204576961078562e-01 -7.957620473873460165e-01 -7.913407346611467386e-01 -7.867577657927259382e-01 -7.820145219788807722e-01 -7.771125392717440628e-01 -7.720535334736665645e-01 -7.668394318057476511e-01 -7.614724139717589102e-01 -7.559549664693487880e-01 -7.502899559087148340e-01 -7.444807301283243861e-01 -7.385312608275499402e-01 -7.324463496830551090e-01 -7.262319341362293290e-01 -7.198955543962630710e-01 -7.134470901423908273e-01 -7.068999659866264107e-01 -7.002732078010340810e-01 -6.935951210766658770e-01 -6.869102347090197958e-01 -6.802932101213626792e-01 -6.738784086051600175e-01 -6.679252498734309373e-01 -6.629547171758843893e-01 -6.599204857462304119e-01 -6.598973629438691368e-01 -6.628916869083169017e-01 -6.678323982831777528e-01 -6.737621816432319832e-01 -6.801570748428507063e-01 -6.867562003161478135e-01 -6.934245393608915453e-01 -7.000871340501381157e-01 -7.066993240943684196e-01 -7.132327519667366333e-01 -7.196683797493899082e-01 -7.259927915479778004e-01 -7.321961271606949317e-01 -7.382708710794207985e-01 -7.442111125360370005e-01 -7.500120764778233085e-01 -7.556698164551106656e-01 -7.611810075953890919e-01 -7.665428033234614746e-01 -7.717527337745986316e-01 -7.768086321312985820e-01 -7.817085800647444183e-01 -7.864508665028776546e-01 -7.910339558619061684e-01 -7.954564631117271301e-01 -7.997171338567975463e-01 -8.038148281576443788e-01 -8.077485071883179213e-01 -8.115172220811779358e-01 -8.151201044894973435e-01 -8.185563585250860141e-01 -8.218252538182720945e-01 -8.249261195121301293e-01 -8.278583390489273608e-01 -8.306213456397661954e-01 -8.332146183317855614e-01 -8.356376786037005289e-01 -8.378900874319527015e-01 -8.399714427777198456e-01 -8.418813774503475234e-01 -8.436195573067567510e-01 -8.451856797490975293e-01
-8.438954169302776975e-01 -8.452028070926691505e-01 -8.463376150032102530e-01 -8.472996327401784988e-01 -8.480886806948999546e-01 -8.487046072183176415e-01 -8.491472883702312346e-01 -8.494166277497824380e-01 -8.495125563903749288e-01 -8.494350327072281992e-01 -8.491840424910207519e-01 -8.487595989466090174e-01 -8.481617427812684351e-01 -8.473905423523726554e-01 -8.464460938895035369e-01 -8.453285218109289900e-01 -8.440379791585741476e-01 -8.425746481794370579e-01 -8.409387410844492150e-01 -8.391305010183307544e-01 -8.371502032756437117e-01 -8.349981567996989096e-01 -8.326747060017494206e-01 -8.301802329387060198e-01 -8.275151598886427706e-01 -8.246799523649820385e-01 -8.216751226132682495e-01 -8.185012336395565136e-01 -8.151589038275713905e-01 -8.116488122143945549e-01 -8.079717045133159026e-01 -8.041283999994237597e-01 -8.001197994123525614e-01 -7.959468940850051855e-01 -7.916107765834383692e-01 -7.871126532502650264e-01 -7.824538591946674781e-01 -7.776358764862606465e-01 -7.726603566172353110e-01 -7.675291487438720139e-01 -7.622443358790212953e-01 -7.568082822002195620e-01 -7.512236961626304055e-01 -7.454937164968240548e-01 -7.396220320120245884e-01 -7.336130524592118229e-01 -7.274721584592219736e-01 -7.212060773420982951e-01 -7.148234659541218283e-01 -7.083358461048250287e-01 -7.017591658421954426e-01 -6.951165238704560823e-01 -6.884431708538929495e-01 -6.817962278000302412e-01 -6.752747500762619204e-01 -6.690634325030270224e-01 -6.635285452246018068e-01 -6.593917798447855860e-01 -6.577706646269618762e-01 -6.593449000027309381e-01 -6.634451672569092739e-01 -6.689524885014959121e-01 -6.751412333271554767e-01 -6.816428841448888276e-01 -6.882717116078286290e-01 -6.949281941541705088e-01 -7.015550005568480518e-01 -7.081167898729837651e-01 -7.145904322639305972e-01 -7.209599789174285789e-01 -7.272139231215397626e-01 -7.333436312014797176e-01 -7.393424026310592145e-01 -7.452048845406262778e-01 -7.509266941626659975e-01 -7.565041677520734087e-01 -7.619341889168427251e-01 -7.672140682332020400e-01 -7.723414568220278165e-01 -7.773142829257746467e-01 -7.821307043818368498e-01 -7.867890722882875387e-01 -7.912879026874601873e-01 -7.956258540888211384e-01 -7.998017093144513812e-01 -8.038143605975561767e-01 -8.076627971719123611e-01 -8.113460948038748732e-01 -8.148634068691956722e-01 -8.182139566836224009e-01 -8.213970308725190295e-01 -8.244119736189250425e-01 -8.272581816683288736e-01 -8.299350999956651709e-01 -8.324422180591215525e-01 -8.347790665784867725e-01 -8.369452147844738121e-01 -8.389402680913646826e-01 -8.407638661489634790e-01 -8.424156812324168353e-01
-8.410402552801153897e-01 -8.424335824567983355e-01 -8.436545541150459737e-01 -8.447029400240594343e-01 -8.455785392298086345e-01 -8.462811797224629728e-01 -8.468107182133512989e-01 -8.471670399939886797e-01 -8.473500588545487267e-01 -8.473597170447666471e-01 -8.471959852660906343e-01 -8.468588626904506311e-01 -8.463483770072893764e-01 -8.456645845070557277e-01 -8.448075702155826150e-01 -8.437774480995805515e-01 -8.425743613688640998e-01 -8.411984829053547053e-01 -8.396500158529380808e-01 -8.379291944050755170e-01 -8.360362848291740256e-01 -8.339715867681982697e-01 -8.317354348605121572e-01 -8.293282007193170102e-01 -8.267502953132196408e-01 -8.240021717899033149e-01 -8.210843287864578732e-01 -8.179973142729112245e-01 -8.147417299812860225e-01 -8.113182364819031545e-01 -8.077275589835787306e-01 -8.039704939562204444e-01 -8.000479167065500663e-01 -7.959607900832277316e-01 -7.917101745519433686e-01 -7.872972399714327496e-01 -7.827232795282913491e-01 -7.779897264677331226e-01 -7.730981745133296279e-01 -7.680504032378803192e-01 -7.628484101882925250e-01 -7.574944523730964274e-01 -7.519911009442651340e-01 -7.463413148015328735e-01 -7.405485418557911093e-01 -7.346168615820196646e-01 -7.285511906756981793e-01 -7.223575877335723927e-01 -7.160437180306876703e-01 -7.096195860157038515e-01 -7.030987329665261409e-01 -6.965002787466879619e-01 -6.898525723649171493e-01 -6.832000808377935996e-01 -6.766171848171088632e-01 -6.702374998604621048e-01 -6.643186860956168394e-01 -6.593778149376489095e-01 -6.563611628130493481e-01 -6.563355092859846085e-01 -6.593078807065625435e-01 -6.642156569587940318e-01 -6.701085327776091782e-01 -6.764661376097589329e-01 -6.830291954612343064e-01 -6.896633608814952687e-01 -6.962939228881015463e-01 -7.028762670092100207e-01 -7.093819847501944276e-01 -7.157919411551207922e-01 -7.220926029625335252e-01 -7.282739857726372446e-01 -7.343284502609968012e-01 -7.402499660821673100e-01 -7.460336448538082976e-01 -7.516754340083482422e-01 -7.571719101290592668e-01 -7.625201356796346142e-01 -7.677175572178804863e-01 -7.727619314079268165e-01 -7.776512700618424256e-01 -7.823837984626680342e-01 -7.869579231245023010e-01 -7.913722063725290301e-01 -7.956253459336199985e-01 -7.997161582698220084e-01 -8.036435647565833840e-01 -8.074065800632534984e-01 -8.110043022724396922e-01 -8.144359044014810589e-01 -8.177006270792679388e-01 -8.207977721957718797e-01 -8.237266973872962028e-01 -8.264868112525398658e-01 -8.290775692168901312e-01 -8.314984699776474253e-01 -8.337490524728765617e-01 -8.358288933230071382e-01 -8.377376046981460656e-01 -8.394748325664457278e-01
-8.380144395964885806e-01 -8.394934473520584417e-01 -8.408003493213769275e-01 -8.419348918915672275e-01 -8.428968516926869103e-01 -8.436860352773892791e-01 -8.443022789227063729e-01 -8.447454485202088303e-01 -8.450154395257907236e-01 -8.451121769460737676e-01 -8.450356153451826779e-01 -8.447857388624213648e-01 -8.443625612389352719e-01 -8.437661258587503266e-01 -8.429965058169066605e-01 -8.420538040343708008e-01 -8.409381534457007756e-01 -8.396497172910706297e-01 -8.381886895489465417e-01 -8.365552955494078846e-01 -8.347497928107187048e-01 -8.327724721434213162e-01 -8.306236590668867326e-01 -8.283037155833772314e-01 -8.258130423541762966e-01 -8.231520813219681543e-01 -8.203213188239033560e-01 -8.173212892410419705e-01 -8.141525792334856071e-01 -8.108158326170303853e-01 -8.073117559485587513e-01 -8.036411249047663574e-01 -7.998047915651047557e-01 -7.958036927476153100e-01 -7.916388596003847145e-01 -7.873114287272144907e-01 -7.828226552330634913e-01 -7.781739282251948220e-01 -7.733667895195368569e-01 -7.684029566076011619e-01 -7.632843513838951655e-01 -7.580131367895615035e-01 -7.525917645136683820e-01 -7.470230384046919747e-01 -7.413102006129338450e-01 -7.354570512867218968e-01 -7.294681189126964727e-01 -7.233489090257579912e-01 -7.171062776497263425e-01 -7.107490096642146149e-01 -7.042887461999242094e-01 -6.977415312939457825e-01 -6.911305093410241573e-01 -6.844908753300248394e-01 -6.778794932153832109e-01 -6.713947572898442129e-01 -6.652198804646021202e-01 -6.597180288085849886e-01 -6.556051594906716629e-01 -6.539914693766321063e-01 -6.555534836728766912e-01 -6.596261490738289934e-01 -6.650976592160364742e-01 -6.712477097685010108e-01 -6.777106576495459667e-01 -6.843021495741323790e-01 -6.909232763131749611e-01 -6.975169405316450355e-01 -7.040478458140678741e-01 -7.104928114696279495e-01 -7.168357906771318788e-01 -7.230651570918451565e-01 -7.291721496320567875e-01 -7.351499402023767837e-01 -7.409930523756389498e-01 -7.466969860668932757e-01 -7.522579675572513835e-01 -7.576727782667459499e-01 -7.629386344176287693e-01 -7.680531004220624292e-01 -7.730140251270721796e-01 -7.778194938695087712e-01 -7.824677916719803283e-01 -7.869573744276014970e-01 -7.912868459100669272e-01 -7.954549391030930616e-01 -7.994605007883223147e-01 -8.033024786368205827e-01 -8.069799102626471488e-01 -8.104919138470819684e-01 -8.138376800486221141e-01 -8.170164649896277664e-01 -8.200275841642989949e-01 -8.228704071505766882e-01 -8.255443530350062842e-01 -8.280488864773876134e-01 -8.303835143539142205e-01 -8.325477829247507344e-01 -8.345412754763501528e-01 -8.363636103908896891e-01
-8.348184683899466663e-01 -8.363828754686023492e-01 -8.377754507854923149e-01 -8.389959162426496864e-01 -8.400440249666744075e-01 -8.409195609864580367e-01 -8.416223390514183667e-01 -8.421522045501803611e-01 -8.425090334945393167e-01 -8.426927325395875412e-01 -8.427032390176876220e-01 -8.425405209715803867e-01 -8.422045771800399372e-01 -8.416954371777527477e-01 -8.410131612794050637e-01 -8.401578406259538889e-01 -8.391295972785435264e-01 -8.379285843921773225e-01 -8.365549865069918933e-01 -8.350090199994902873e-01 -8.332909337395684179e-01 -8.314010100012491078e-01 -8.293395656761067825e-01 -8.271069538382966879e-01 -8.247035657095670436e-01 -8.221298330713928681e-01 -8.193862311707471591e-01 -8.164732821657381123e-01 -8.133915591590827887e-01 -8.101416908714602627e-01 -8.067243670148847023e-01 -8.031403444397003932e-01 -7.993904541497431904e-01 -7.954756093113851678e-01 -7.913968144269768468e-01 -7.871551759070658516e-01 -7.827519143655007339e-01 -7.781883790878643126e-01 -7.734660653021967480e-01 -7.685866351351249293e-01 -7.635519435029658464e-01 -7.583640707232202072e-01 -7.530253644290847426e-01 -7.475384945786004431e-01 -7.419065272225958685e-01 -7.361330256637709235e-01 -7.302221924650981189e-01 -7.241790738325887267e-01 -7.180098618004714384e-01 -7.117223544331138241e-01 -7.053266801378472728e-01 -6.988364807308132809e-01 -6.922709269011697586e-01 -6.856583204217916450e-01 -6.790428917359853100e-01 -6.724984187429962068e-01 -6.661572024923535507e-01 -6.602742427341236064e-01 -6.553618018161493364e-01 -6.523598631767706379e-01 -6.523317176954950281e-01 -6.552851306384206431e-01 -6.601613778853672176e-01 -6.660160157990681062e-01 -6.723331519338848761e-01 -6.788560130605332255e-01 -6.854514969705841620e-01 -6.920454620732202633e-01 -6.985935142731614089e-01 -7.050672843903718068e-01 -7.114475829652093797e-01 -7.177207748053293646e-01 -7.238767514282316018e-01 -7.299077413017089899e-01 -7.358075815986773183e-01 -7.415712555499048841e-01 -7.471945886555820815e-01 -7.526740432013624416e-01 -7.580065754650896492e-01 -7.631895339847036830e-01 -7.682205853687967823e-01 -7.730976589817554201e-01 -7.778189048175302434e-01 -7.823826607566862767e-01 -7.867874266146264173e-01 -7.910318431885594581e-01 -7.951146750477596781e-01 -7.990347961783335062e-01 -8.027911778479684957e-01 -8.063828782342984391e-01 -8.098090334864581630e-01 -8.130688499790370560e-01 -8.161615975810532220e-01 -8.190866038075448330e-01 -8.218432487525636487e-01 -8.244309607236098847e-01 -8.268492125115818325e-01 -8.290975182389195286e-01 -8.311754307335568193e-01 -8.330825393787986144e-01
-8.314528900490609775e-01 -8.331023887116515425e-01 -8.345803553137177699e-01 -8.358864861189807538e-01 -8.370205096316443161e-01 -8.379821862524277076e-01 -8.387713080991946457e-01 -8.393876989459635451e-01 -8.398312142387680534e-01 -8.401017411527396117e-01 -8.401991986618064789e-01 -8.401235376003387545e-01 -8.398747407047245650e-01 -8.394528226319581954e-01 -8.388578299614083411e-01 -8.380898411951342997e-01 -8.371489667804679069e-01 -8.360353491865755160e-01 -8.347491630733450130e-01 -8.332906155967165773e-01 -8.316599468987270205e-01 -8.298574308335204819e-01 -8.278833759821317972e-01 -8.257381270089947378e-01 -8.234220664126643552e-01 -8.209356167215893230e-01 -8.182792431843322056e-01 -8.154534570024211115e-01 -8.124588191538557602e-01 -8.092959448574673642e-01 -8.059655087333904566e-01 -8.024682507249936148e-01 -7.988049828637573402e-01 -7.949765969838626933e-01 -7.909840735302084980e-01 -7.868284916567713783e-01 -7.825110408875121104e-01 -7.780330347180655082e-01 -7.733959266857964865e-01 -7.686013296473739320e-01 -7.636510393059765534e-01 -7.585470634692659253e-01 -7.532916591662486283e-01 -7.478873807219733605e-01 -7.423371433751283499e-01 -7.366443093506882533e-01 -7.308128070327895021e-01 -7.248473000333511829e-01 -7.187534333859809665e-01 -7.125382023758971561e-01 -7.062105227128535612e-01 -6.997821434783781935e-01 -6.932691681503324599e-01 -6.866947058766607048e-01 -6.800937367182957605e-01 -6.735225701435630929e-01 -6.670784031143325299e-01 -6.609420594593424791e-01 -6.554723737170798925e-01 -6.513793351048792202e-01 -6.497701115266301120e-01 -6.513228573753830908e-01 -6.553721066612542279e-01 -6.608088526389728212e-01 -6.669183009552934749e-01 -6.733388993623417029e-01 -6.798885765946514059e-01 -6.864695720495134212e-01 -6.930253195296071089e-01 -6.995207259260707300e-01 -7.059326399941698860e-01 -7.122449527446522710e-01 -7.184459288548761258e-01 -7.245266763508751984e-01 -7.304802283590173806e-01 -7.363009697273074083e-01 -7.419842661468705192e-01 -7.475262165816003446e-01 -7.529234832347113660e-01 -7.581731716781219266e-01 -7.632727442666016326e-01 -7.682199561432402346e-01 -7.730128068951165332e-01 -7.776495032560237775e-01 -7.821284297456301271e-01 -7.864481251085312374e-01 -7.906072630654480404e-01 -7.946046363285980130e-01 -7.984391431363240255e-01 -8.021097757734764189e-01 -8.056156106930980609e-01 -8.089557999606002969e-01 -8.121295638167692621e-01 -8.151361842088912235e-01 -8.179749991764284633e-01 -8.206453980030571360e-01 -8.231468170635756199e-01 -8.254787363047424442e-01 -8.276406763049986015e-01 -8.296321958609156333e-01
-8.279183066954356462e-01 -8.296525608462942403e-01 -8.312156098234462220e-01 -8.326071230221301356e-01 -8.338268031529061375e-01 -8.348743858507563509e-01 -8.357496394783272553e-01 -8.364523650713477920e-01 -8.369823963784117637e-01 -8.373395999529688050e-01 -8.375238752624041272e-01 -8.375351547871103808e-01 -8.373734040915559174e-01 -8.370386218589278560e-01 -8.365308398909856447e-01 -8.358501230846064889e-01 -8.349965694062099208e-01 -8.339703098940491888e-01 -8.327715087264485616e-01 -8.314003634006842391e-01 -8.298571050726075704e-01 -8.281419991109264522e-01 -8.262553459223527241e-01 -8.241974821045571220e-01 -8.219687819835602705e-01 -8.195696595905552773e-01 -8.170005711312207097e-01 -8.142620179985503581e-01 -8.113545503788039959e-01 -8.082787715004190465e-01 -8.050353425785611305e-01 -8.016249885146791154e-01 -7.980485044226882652e-01 -7.943067630733096074e-01 -7.904007233781807917e-01 -7.863314400794081394e-01 -7.821000748730826402e-01 -7.777079092841159280e-01 -7.731563597347830274e-01 -7.684469954256945012e-01 -7.635815598988582309e-01 -7.585619975131174808e-01 -7.533904865890672653e-01 -7.480694817621300619e-01 -7.426017692662111314e-01 -7.369905407010245435e-01 -7.312394937349511181e-01 -7.253529729046136465e-01 -7.193361715409127832e-01 -7.131954294104876357e-01 -7.069386848378206301e-01 -7.005761848436542483e-01 -6.941216433095848126e-01 -6.875942122002357548e-01 -6.810220037706309348e-01 -6.744487406485439873e-01 -6.679470996876206712e-01 -6.616471891298304486e-01 -6.557999696036282966e-01 -6.509116132021641743e-01 -6.479180625249616465e-01 -6.478873317330644532e-01 -6.508280788882292445e-01 -6.556772805566173368e-01 -6.614939840228921675e-01 -6.677680109983514800e-01 -6.742464597893969014e-01 -6.807983477880252821e-01 -6.873506004646516843e-01 -6.938593147728255861e-01 -7.002963024642819834e-01 -7.066423884060450966e-01 -7.128838632227521011e-01 -7.190104989985081074e-01 -7.250143838760216841e-01 -7.308892076663239257e-01 -7.366298070816341692e-01 -7.422318663589049237e-01 -7.476917141412120493e-01 -7.530061818272483221e-01 -7.581725022459717689e-01 -7.631882354296891657e-01 -7.680512129948742217e-01 -7.727594955539388577e-01 -7.773113394204356208e-01 -7.817051700587445140e-01 -7.859395605136273444e-01 -7.900132135828754620e-01 -7.939249468575408919e-01 -7.976736800050101550e-01 -8.012584238463724695e-01 -8.046782709041377935e-01 -8.079323871850134786e-01 -8.110200050249938286e-01 -8.139404168681734220e-01 -8.166929698808425009e-01 -8.192770613227785548e-01 -8.216921346102996626e-01 -8.239376760131622568e-01 -8.260132119308909449e-01
-8.242153785791475062e-01 -8.260340216227974874e-01 -8.276818152410221341e-01 -8.291584006196579537e-01 -8.304634534241926991e-01 -8.315966833313068740e-01 -8.325578337893738690e-01 -8.333466819504948830e-01 -8.339630387203413875e-01 -8.344067488773108110e-01 -8.346776912192102049e-01 -8.347757787037629607e-01 -8.347009585584524993e-01 -8.344532123452670369e-01 -8.340325559764447672e-01 -8.334390396881277141e-01 -8.326727479893110129e-01 -8.317337996135574230e-01 -8.306223475098982734e-01 -8.293385789174442246e-01 -8.278827155745469568e-01 -8.262550141183543362e-01 -8.244557667337675255e-01 -8.224853021123603725e-01 -8.203439867819108944e-01 -8.180322268658939411e-01 -8.155504703301095226e-01 -8.128992097711276177e-01 -8.100789857988605069e-01 -8.070903910642721613e-01 -8.039340749840999667e-01 -8.006107492184062480e-01 -7.971211939654052614e-01 -7.934662651534221123e-01 -7.896469026337553654e-01 -7.856641395144241535e-01 -7.815191128269401988e-01 -7.772130757924462507e-01 -7.727474120581507844e-01 -7.681236524220825812e-01 -7.633434947723746200e-01 -7.584088282642558188e-01 -7.533217631876838460e-01 -7.480846686098474585e-01 -7.427002208219759538e-01 -7.371714670642117717e-01 -7.315019112601041096e-01 -7.256956321100952456e-01 -7.197574498493338746e-01 -7.136931680754697860e-01 -7.075099347490219071e-01 -7.012167986178357015e-01 -6.948255981158325545e-01 -6.883524400263993925e-01 -6.818202750684774216e-01 -6.752636255140607169e-01 -6.687377900586076729e-01 -6.623379395301512984e-01 -6.562410966341745144e-01 -6.507998557735688028e-01 -6.467180431153048970e-01 -6.451074559884111270e-01 -6.466564451617410336e-01 -6.506908869432560527e-01 -6.560967597896182335e-01 -6.621648485458513367e-01 -6.685395644117163583e-01 -6.750425218964078988e-01 -6.815779357029767560e-01 -6.880902261343686543e-01 -6.945447455071862564e-01 -7.009184944764889069e-01 -7.071953573048572750e-01 -7.133635076099478223e-01 -7.194139196900809496e-01 -7.253394739153741222e-01 -7.311343968490839895e-01 -7.367938980386308234e-01 -7.423139267028215915e-01 -7.476910039321165158e-01 -7.529221038404416699e-01 -7.580045672739944562e-01 -7.629360376754422690e-01 -7.677144123403685239e-01 -7.723378045726840835e-01 -7.768045136966915676e-01 -7.811130008324971286e-01 -7.852618689747279390e-01 -7.892498463451060875e-01 -7.930757722866029757e-01 -7.967385851749513304e-01 -8.002373119701147175e-01 -8.035710591345532894e-01 -8.067390047191299596e-01 -8.097403914695702198e-01 -8.125745208426204957e-01 -8.152407478453460588e-01 -8.177384766267735694e-01 -8.200671567603960987e-01 -8.222262801607624905e-01
-8.203448291607653431e-01 -8.222474615114370167e-01 -8.239796309432366739e-01 -8.255409489392753208e-01 -8.269310627527554081e-01 -8.281496548252545997e-01 -8.291964424734928896e-01 -8.300711777823875925e-01 -8.307736476451283991e-01 -8.313036738957366723e-01 -8.316611134857547771e-01 -8.318458586647161646e-01 -8.318578371331271093e-01 -8.316970121470055322e-01 -8.313633825639803465e-01 -8.308569828323979500e-01 -8.301778829361425860e-01 -8.293261883189844141e-01 -8.283020398223275294e-01 -8.271056136794259217e-01 -8.257371216167482819e-01 -8.241968111192730095e-01 -8.224849659208097741e-01 -8.206019067828618230e-01 -8.185479926264598305e-01 -8.163236220804774845e-01 -8.139292355080680608e-01 -8.113653175700468179e-01 -8.086324003811138361e-01 -8.057310673124411515e-01 -8.026619574932934986e-01 -7.994257710660257477e-01 -7.960232752544028623e-01 -7.924553113165164753e-01 -7.887228024723043074e-01 -7.848267629249353616e-01 -7.807683081383303136e-01 -7.765486665949087319e-01 -7.721691933448553424e-01 -7.676313857810753705e-01 -7.629369022468354133e-01 -7.580875843281748017e-01 -7.530854840344611834e-01 -7.479328975816385006e-01 -7.426324082490824985e-01 -7.371869419231460441e-01 -7.315998407028105888e-01 -7.258749627285482342e-01 -7.200168209149288012e-01 -7.140307808129765510e-01 -7.079233508270096342e-01 -7.017026211940377012e-01 -6.953789511025614267e-01 -6.889660864510206428e-01 -6.824830593920608868e-01 -6.759575814068835564e-01 -6.694324572500047754e-01 -6.629784964474300102e-01 -6.567222397712089155e-01 -6.509084079212289486e-01 -6.460349986736336758e-01 -6.430378252439400422e-01 -6.430041743654661968e-01 -6.459439491471008488e-01 -6.507753223992861491e-01 -6.565566560917016625e-01 -6.627854645446308313e-01 -6.692148918098256294e-01 -6.757174430853818414e-01 -6.822218752585224033e-01 -6.886851854485687152e-01 -6.950795768665416485e-01 -7.013859891272480329e-01 -7.075906781013024949e-01 -7.136833023203646986e-01 -7.196557974480773945e-01 -7.255016845949529003e-01 -7.312156284968810427e-01 -7.367931454326482887e-01 -7.422304040781178003e-01 -7.475240858566294389e-01 -7.526712844379126466e-01 -7.576694316341693325e-01 -7.625162414902797448e-01 -7.672096671668497958e-01 -7.717478669866255636e-01 -7.761291771622214064e-01 -7.803520894823849918e-01 -7.844152327465816477e-01 -7.883173570895425364e-01 -7.920573205825797158e-01 -7.956340776710528750e-01 -7.990466691299530355e-01 -8.022942133065288361e-01 -8.053758984805545751e-01 -8.082909762158605460e-01 -8.110387556060949521e-01 -8.136185983370076702e-01 -8.160299144992326781e-01 -8.182721590920163379e-01
-8.163074510672370110e-01 -8.182936372118361223e-01 -8.201097798876424427e-01 -8.217554591786366824e-01 -8.232302923986036802e-01 -8.245339333553076688e-01 -8.256660719271438076e-01 -8.266264338858014815e-01 -8.274147809007459387e-01 -8.280309106652272710e-01 -8.284746570892727036e-01 -8.287458905127116360e-01 -8.288445179000645258e-01 -8.287704829895924385e-01 -8.285237663798736829e-01 -8.281043855492692396e-01 -8.275123948154805564e-01 -8.267478852543628243e-01 -8.258109846083308003e-01 -8.247018572248551171e-01 -8.234207040744951911e-01 -8.219677629051915790e-01 -8.203433085949971559e-01 -8.185476537690841159e-01 -8.165811497485544468e-01 -8.144441878985287930e-01 -8.121372014415282337e-01 -8.096606677994498957e-01 -8.070151115242527595e-01 -8.042011078744479846e-01 -8.012192870922082433e-01 -7.980703394359132119e-01 -7.947550210259212156e-01 -7.912741605691605562e-01 -7.876286670424884617e-01 -7.838195384380211017e-01 -7.798478717087043988e-01 -7.757148741037251938e-01 -7.714218761559474835e-01 -7.669703466861271801e-01 -7.623619103323607815e-01 -7.575983683157707649e-01 -7.526817234414026059e-01 -7.476142107478583876e-01 -7.423983358258877674e-01 -7.370369237308301846e-01 -7.315331827915160234e-01 -7.258907897658002373e-01 -7.201140062264215214e-01 -7.142078417049206873e-01 -7.081782886841361258e-01 -7.020326712829776383e-01 -6.957801799311259527e-01 -6.894327220124090161e-01 -6.830063328251356758e-01 -6.765236298152880190e-01 -6.700183193721093167e-01 -6.635439962910769651e-01 -6.571925108278825478e-01 -6.511348102867904331e-01 -6.457140378826683458e-01 -6.416273305393406234e-01 -6.400044951848494756e-01 -6.415597164793845897e-01 -6.455952840654777258e-01 -6.509784337885825556e-01 -6.570057851178083830e-01 -6.633308463308511538e-01 -6.697811736306256147e-01 -6.762642469293389524e-01 -6.827261647540724399e-01 -6.891330822457408800e-01 -6.954623262762623659e-01 -7.016978486841971563e-01 -7.078277520120987987e-01 -7.138428678225218205e-01 -7.197358999408005609e-01 -7.255008860807238280e-01 -7.311328467926533348e-01 -7.366275488781156566e-01 -7.419813411271760639e-01 -7.471910371209259383e-01 -7.522538294756686561e-01 -7.571672255886091607e-01 -7.619289984007998617e-01 -7.665371478533374860e-01 -7.709898700980012398e-01 -7.752855324321927810e-01 -7.794226525370171466e-01 -7.833998810128486312e-01 -7.872159864950809549e-01 -7.908698428351443876e-01 -7.943604179754717443e-01 -7.976867642492289079e-01 -8.008480099081853876e-01 -8.038433517332610467e-01 -8.066720486175004146e-01 -8.093334160347991357e-01 -8.118268213225863228e-01 -8.141516797150181173e-01
-8.121041131640677202e-01 -8.141733781492006550e-01 -8.160730546179409961e-01 -8.178026892942067416e-01 -8.193618678109715336e-01 -8.207502137743686310e-01 -8.219673881883964306e-01 -8.230130891700262463e-01 -8.238870518861569625e-01 -8.245890486468964165e-01 -8.251188890948302213e-01 -8.254764204368556513e-01 -8.256615276737303555e-01 -8.256741337926667423e-01 -8.255141998994741659e-01 -8.251817252788914425e-01 -8.246767473842601115e-01 -8.239993417702361489e-01 -8.231496219941918380e-01 -8.221277395234236618e-01 -8.209338836951440843e-01 -8.195682817848550794e-01 -8.180311992454197823e-01 -8.163229401840188526e-01 -8.144438481468851965e-01 -8.123943072828154754e-01 -8.101747439554896069e-01 -8.077856288724770684e-01 -8.052274797957211794e-01 -8.025008648947876688e-01 -7.996064068011854431e-01 -7.965447874206001977e-01 -7.933167535607571486e-01 -7.899231234376384858e-01 -7.863647941333034019e-01 -7.826427500966783857e-01 -7.787580728071519243e-01 -7.747119517630129959e-01 -7.705056970172917685e-01 -7.661407535689859216e-01 -7.616187180375095789e-01 -7.569413582158793785e-01 -7.521106363347935808e-01 -7.471287372068863286e-01 -7.419981029080957580e-01 -7.367214763707475855e-01 -7.313019573411096985e-01 -7.257430758103972090e-01 -7.200488906365444253e-01 -7.142241252938116292e-01 -7.082743597186350604e-01 -7.022063093213748441e-01 -6.960282438170691810e-01 -6.897506385793126249e-01 -6.833872288956320817e-01 -6.769567957484288190e-01 -6.704863522568894618e-01 -6.640171774431929963e-01 -6.576170297681334098e-01 -6.514066700378881025e-01 -6.456208471439699448e-01 -6.407454383208380788e-01 -6.377223721063556283e-01 -6.376849954628309725e-01 -6.406452380629605869e-01 -6.454757438472076281e-01 -6.512273648227487888e-01 -6.574090390007995000e-01 -6.637836369937993863e-01 -6.702293530979952507e-01 -6.766779569340761746e-01 -6.830879531099349755e-01 -6.894322337158343972e-01 -6.956919843598375897e-01 -7.018534686833339808e-01 -7.079062275618485112e-01 -7.138420165563760245e-01 -7.196541496869646171e-01 -7.253370775678223970e-01 -7.308861064023552956e-01 -7.362972047650202523e-01 -7.415668668702846134e-01 -7.466920132301069213e-01 -7.516699166869418303e-01 -7.564981460596433838e-01 -7.611745222652395171e-01 -7.656970834460338216e-01 -7.700640567151875171e-01 -7.742738348550468608e-01 -7.783249567915534461e-01 -7.822160910060684813e-01 -7.859460212825997161e-01 -7.895136343560962278e-01 -7.929179091470098806e-01 -7.961579073525046901e-01 -7.992327652252559922e-01 -8.021416864128595448e-01 -8.048839357596712096e-01 -8.074588339914121615e-01 -8.098657532140485227e-01
-8.077357690615463159e-01 -8.098875942342576018e-01 -8.118703243859864971e-01 -8.136834705800324308e-01 -8.153265847461843574e-01 -8.167992584933971845e-01 -8.181011223349896611e-01 -8.192318452532174611e-01 -8.201911345306058809e-01 -8.209787357779677608e-01 -8.215944330933385720e-01 -8.220380492923822224e-01 -8.223094461589010029e-01 -8.224085246738029875e-01 -8.223352251920829081e-01 -8.220895275494561893e-01 -8.216714510931413251e-01 -8.210810546443043645e-01 -8.203184364124502803e-01 -8.193837338943230630e-01 -8.182771238009034498e-01 -8.169988220658765954e-01 -8.155490839969034012e-01 -8.139282046372355861e-01 -8.121365194091489936e-01 -8.101744051128485502e-01 -8.080422813545800054e-01 -8.057406124761725685e-01 -8.032699100555792393e-01 -8.006307360444832044e-01 -7.978237066056564908e-01 -7.948494967103061359e-01 -7.917088455550023163e-01 -7.884025628604982572e-01 -7.849315361220835507e-01 -7.812967388950985415e-01 -7.774992402219793597e-01 -7.735402153419607130e-01 -7.694209578747183143e-01 -7.651428937409077147e-01 -7.607075971823109573e-01 -7.561168093840333615e-01 -7.513724603961823290e-01 -7.464766953276938954e-01 -7.414319061781253772e-01 -7.362407712438562291e-01 -7.309063048797083129e-01 -7.254319216743649879e-01 -7.198215210770594341e-01 -7.140796016613867314e-01 -7.082114193671970037e-01 -7.022232127730745344e-01 -6.961225336944184550e-01 -6.899187491167241282e-01 -6.836238330697204102e-01 -6.772536717522857908e-01 -6.708303251016569657e-01 -6.643861779536164303e-01 -6.579720774873385469e-01 -6.516744936017947465e-01 -6.456544524347170855e-01 -6.402396832078317557e-01 -6.361183726400267968e-01 -6.344623737167398581e-01 -6.360426865926875895e-01 -6.401086084508393892e-01 -6.454837443236145500e-01 -6.514722384780489151e-01 -6.577425155718956695e-01 -6.641318906381583620e-01 -6.705531639935647936e-01 -6.769551561629373326e-01 -6.833053315273261985e-01 -6.895815681042657408e-01 -6.957679634839936123e-01 -7.018525519035895277e-01 -7.078259877262045308e-01 -7.136807470775642370e-01 -7.194106219856718498e-01 -7.250103872687716500e-01 -7.304755735701466968e-01 -7.358023079268057876e-01 -7.409871986420325518e-01 -7.460272500188481759e-01 -7.509197977079963282e-01 -7.556624585962150586e-01 -7.602530911532721092e-01 -7.646897634415356082e-01 -7.689707268409635699e-01 -7.730943941154737598e-01 -7.770593208409987129e-01 -7.808641894912324855e-01 -7.845077956721631107e-01 -7.879890361359309647e-01 -7.913068983042852444e-01 -7.944604511032586913e-01 -7.974488369609818994e-01 -8.002712648553561570e-01 -8.029270043215085417e-01 -8.054153803433234948e-01
-8.032034674768677718e-01 -8.054372852520766957e-01 -8.075025437071693402e-01 -8.093987155116599830e-01 -8.111253165062882742e-01 -8.126819042065837051e-01 -8.140680767749706170e-01 -8.152834723854438526e-01 -8.163277689048409336e-01 -8.172006838164526110e-01 -8.179019743153583821e-01 -8.184314375103098893e-01 -8.187889106746540913e-01 -8.189742714979272309e-01 -8.189874383006059411e-01 -8.188283701865781694e-01 -8.184970671207894011e-01 -8.179935699328644283e-01 -8.173179602609100813e-01 -8.164703604626782907e-01 -8.154509335332689179e-01 -8.142598830794876008e-01 -8.128974534101824911e-01 -8.113639298092838459e-01 -8.096596390637382790e-01 -8.077849503217318095e-01 -8.057402763580301386e-01 -8.035260753225772490e-01 -8.011428530466679909e-01 -7.985911659777505944e-01 -7.958716248106461055e-01 -7.929848988799725884e-01 -7.899317213768318746e-01 -7.867128954539786001e-01 -7.833293012884069428e-01 -7.797819041809614937e-01 -7.760717637907583732e-01 -7.722000446306248600e-01 -7.681680279917189047e-01 -7.639771255256487814e-01 -7.596288947961515881e-01 -7.551250572294240238e-01 -7.504675190540316398e-01 -7.456583960475071660e-01 -7.407000432253488809e-01 -7.355950910638149320e-01 -7.303464905112576622e-01 -7.249575700284339730e-01 -7.194321093980983184e-01 -7.137744373854306712e-01 -7.079895640912570176e-01 -7.020833650701442386e-01 -6.960628449659118644e-01 -6.899365274309051665e-01 -6.837150533924274409e-01 -6.774121383928121132e-01 -6.710461804910456962e-01 -6.646431162450663344e-01 -6.582418324179111213e-01 -6.519052071352414712e-01 -6.457445361054089394e-01 -6.399777689417625037e-01 -6.350698831092380647e-01 -6.319776852153310420e-01 -6.319347336257103986e-01 -6.349568792221492730e-01 -6.398170238610200178e-01 -6.455483769751636514e-01 -6.516796635799333437e-01 -6.579902315982611993e-01 -6.643676404298521909e-01 -6.707485038123233156e-01 -6.770937034862010151e-01 -6.833772011792312862e-01 -6.895805622234201238e-01 -6.956900687337939093e-01 -7.016950958609292632e-01 -7.075871457257105757e-01 -7.133592440306738558e-01 -7.190055469504881280e-01 -7.245210754000502851e-01 -7.299015294729426229e-01 -7.351431550560154626e-01 -7.402426454107822185e-01 -7.451970667992425801e-01 -7.500038010241210085e-01 -7.546605001133031010e-01 -7.591650498886055587e-01 -7.635155401511667383e-01 -7.677102398824291463e-01 -7.717475763173733405e-01 -7.756261170660769810e-01 -7.793445546861446083e-01 -7.829016932704216947e-01 -7.862964367311815472e-01 -7.895277785457019970e-01 -7.925947927881182853e-01 -7.954966263146041605e-01 -7.982324919975144484e-01 -8.008016629228942307e-01
-7.985083650202655647e-01 -8.008235523681673795e-01 -8.029707627702538097e-01 -8.049494272190309552e-01 -8.067590226131582387e-01 -8.083990698864903512e-01 -8.098691326661082712e-01 -8.111688163808049579e-01 -8.122977677408339536e-01 -8.132556745110638419e-01 -8.140422655022194753e-01 -8.146573107101336975e-01 -8.151006215393643561e-01 -8.153720510565631852e-01 -8.154714942290949287e-01 -8.153988881163678482e-01 -8.151542119940975439e-01 -8.147374874052430993e-01 -8.141487781451954842e-01 -8.133881902021956600e-01 -8.124558716870439179e-01 -8.113520127978666174e-01 -8.100768458762239721e-01 -8.086306456195118120e-01 -8.070137295213422046e-01 -8.052264586162891646e-01 -8.032692386079993696e-01 -8.011425214602723166e-01 -7.988468075297321391e-01 -7.963826483163509717e-01 -7.937506499050646092e-01 -7.909514771687102819e-01 -7.879858588003370024e-01 -7.848545932429275007e-01 -7.815585555875884660e-01 -7.780987055193542279e-01 -7.744760964042731732e-01 -7.706918856351210323e-01 -7.667473463883732743e-01 -7.626438809960280896e-01 -7.583830362072625508e-01 -7.539665207138329661e-01 -7.493962254493246045e-01 -7.446742473601868362e-01 -7.398029176076439395e-01 -7.347848355266601850e-01 -7.296229101925734151e-01 -7.243204122098507725e-01 -7.188810394746266708e-01 -7.133090023992932904e-01 -7.076091368135219994e-01 -7.017870571694957427e-01 -6.958493700699385220e-01 -6.898039809868748984e-01 -6.836605503260365646e-01 -6.774311991989588888e-01 -6.711316536648945785e-01 -6.647832036341586592e-01 -6.584162770806116782e-01 -6.520774644710316537e-01 -6.458445515398821835e-01 -6.398617872708854959e-01 -6.344290758509540940e-01 -6.302160871405846354e-01 -6.284824340427824785e-01 -6.301275835587152319e-01 -6.342801214778727159e-01 -6.396717896218262478e-01 -6.456225764509576637e-01 -6.518280125368277611e-01 -6.581420092298974067e-01 -6.644860001734522736e-01 -6.708130464871674414e-01 -6.770925641150868923e-01 -6.833031998077149227e-01 -6.894292117596834135e-01 -6.954584884789297705e-01 -7.013813927486584054e-01 -7.071900491515322740e-01 -7.128778839498832731e-01 -7.184393157706552291e-01 -7.238695403299286735e-01 -7.291643760010134701e-01 -7.343201500240660318e-01 -7.393336126232513683e-01 -7.442018707537504385e-01 -7.489223359516332668e-01 -7.534926825103104298e-01 -7.579108133530421121e-01 -7.621748317395170558e-01 -7.662830174717774057e-01 -7.702338066332103939e-01 -7.740257741561078486e-01 -7.776576187012618213e-01 -7.811281494692658978e-01 -7.844362746619049087e-01 -7.875809913834312948e-01 -7.905613768223749283e-01 -7.933765805902220913e-01 -7.960258181171638858e-01
-7.936517421810653783e-01 -7.960476124144112431e-01 -7.982761402690787822e-01 -8.003367110755474911e-01 -8.022287593375000414e-01 -8.039517664104918193e-01 -8.055052587757429716e-01 -8.068888068275531511e-01 -8.081020240921044095e-01 -8.091445667961445487e-01 -8.100161337061739797e-01 -8.107164661630728020e-01 -8.112453482432400165e-01 -8.116026069852592117e-01 -8.117881126311461415e-01 -8.118017788424338743e-01 -8.116435628641336386e-01 -8.113134656230372999e-01 -8.108115317607590411e-01 -8.101378496159961085e-01 -8.092925511839689223e-01 -8.082758120937261204e-01 -8.070878516555691773e-01 -8.057289330407073624e-01 -8.041993636633408826e-01 -8.024994958415372359e-01 -8.006297278171706777e-01 -7.985905052173309926e-01 -7.963823230396606112e-01 -7.940057282429260344e-01 -7.914613230217728557e-01 -7.887497688420217479e-01 -7.858717913108017594e-01 -7.828281859552208566e-01 -7.796198249852606121e-01 -7.762476651230946212e-01 -7.727127565928250119e-01 -7.690162533848923232e-01 -7.651594249397717373e-01 -7.611436694397157865e-01 -7.569705289593834374e-01 -7.526417068117861042e-01 -7.481590875428155707e-01 -7.435247601873048451e-01 -7.387410456176999318e-01 -7.338105291177794420e-01 -7.287360997352053671e-01 -7.235209985657475862e-01 -7.181688789913297510e-01 -7.126838831851250999e-01 -7.070707411666214970e-01 -7.013349017857213319e-01 -6.954827100477410928e-01 -6.895216536846521249e-01 -6.834607168238682195e-01 -6.773109061696279687e-01 -6.710860686929742691e-01 -6.648042303506279671e-01 -6.584899291692176693e-01 -6.521785963854651591e-01 -6.459255436820299234e-01 -6.398263847087939382e-01 -6.340687944084348882e-01 -6.290738464369417526e-01 -6.258183764219221734e-01 -6.257651320253011518e-01 -6.289395963716789550e-01 -6.338845820790249830e-01 -6.396067557408492421e-01 -6.456769207084146478e-01 -6.519043403375570644e-01 -6.581921896108458014e-01 -6.644846400138644249e-01 -6.707460317625396629e-01 -6.769517302122608493e-01 -6.830836780769884431e-01 -6.891280311370214795e-01 -6.950738036262601449e-01 -7.009120418200762703e-01 -7.066352927367983705e-01 -7.122372472817634081e-01 -7.177124915831927243e-01 -7.230563282290602967e-01 -7.282646442579656654e-01 -7.333338113540622816e-01 -7.382606087855418942e-01 -7.430421627543738472e-01 -7.476758978132441724e-01 -7.521594973077146973e-01 -7.564908706773177949e-01 -7.606681260521618304e-01 -7.646895470049422938e-01 -7.685535726206309537e-01 -7.722587802647470356e-01 -7.758038705907147614e-01 -7.791876544436326935e-01 -7.824090414033526564e-01 -7.854670297716979110e-01 -7.883606978530295351e-01 -7.910891964080186689e-01
-7.886350235892998217e-01 -7.911108158664890144e-01 -7.934199594315776150e-01 -7.955617890649970825e-01 -7.975356926486637521e-01 -7.993411083038192144e-01 -8.009775221977616377e-01 -8.024444669343100411e-01 -8.037415204421723969e-01 -8.048683052759733059e-01 -8.058244882464631331e-01 -8.066097803002082456e-01 -8.072239365745537132e-01 -8.076667565610990973e-01 -8.079380843202443874e-01 -8.080378087002592080e-01 -8.079658635266350197e-01 -8.077222277408422357e-01 -8.073069254815592455e-01 -8.067200261157907448e-01 -8.059616442412287363e-01 -8.050319396947562822e-01 -8.039311176144005033e-01 -8.026594286130557254e-01 -8.012171691317641065e-01 -7.996046820477792361e-01 -7.978223576182018606e-01 -7.958706348433828293e-01 -7.937500033361024609e-01 -7.914610057823142641e-01 -7.890042410783426607e-01 -7.863803682275452012e-01 -7.835901110779370793e-01 -7.806342639819208173e-01 -7.775136984609565260e-01 -7.742293709636036692e-01 -7.707823318159124915e-01 -7.671737354811318799e-01 -7.634048522728899000e-01 -7.594770817059255386e-01 -7.553919677241255348e-01 -7.511512161225282203e-01 -7.467567145839285603e-01 -7.422105558911274992e-01 -7.375150650651129958e-01 -7.326728314355356320e-01 -7.276867470000299987e-01 -7.225600529131482874e-01 -7.172963966272164482e-01 -7.118999031853207038e-01 -7.063752656036839106e-01 -7.007278614512522097e-01 -6.949639061184732514e-01 -6.890906587406252504e-01 -6.831167059728874280e-01 -6.770523651545400368e-01 -6.709102789520703380e-01 -6.647063343741158592e-01 -6.584611689259940448e-01 -6.522028272967052009e-01 -6.459718946271530982e-01 -6.398325800169092359e-01 -6.339000050082167492e-01 -6.284175914005190045e-01 -6.239942972632670504e-01 -6.220663419875731570e-01 -6.238803749398533771e-01 -6.282380161154783593e-01 -6.336801626024710643e-01 -6.395821949919122673e-01 -6.456953382167126554e-01 -6.519025742456663330e-01 -6.581389440417643177e-01 -6.643635446526894306e-01 -6.705481980905674266e-01 -6.766722205671286128e-01 -6.827197227976886662e-01 -6.886780829273323468e-01 -6.945370164511119881e-01 -7.002879752786407286e-01 -7.059237407587359847e-01 -7.114381374655981416e-01 -7.168258256393729155e-01 -7.220821467756184386e-01 -7.272030062245815607e-01 -7.321847822066733791e-01 -7.370242540753992877e-01 -7.417185448528121894e-01 -7.462650745135729347e-01 -7.506615214797240920e-01 -7.549057904746285796e-01 -7.589959853715904092e-01 -7.629303860241816171e-01 -7.667074283221335662e-01 -7.703256869060908230e-01 -7.737838601147946083e-01 -7.770807568423629963e-01 -7.802152850599105571e-01 -7.831864418117424620e-01 -7.859933045362461623e-01
-7.834598040663593999e-01 -7.860146697861104537e-01 -7.884036483214407198e-01 -7.906260178375129621e-01 -7.926811143598972986e-01 -7.945683282593331009e-01 -7.962871014905840150e-01 -7.978369254947299538e-01 -7.992173396744193248e-01 -8.004279303522149336e-01 -8.014683301242508939e-01 -8.023382175245672432e-01 -8.030373169208060435e-01 -8.035653985688195888e-01 -8.039222787624318300e-01 -8.041078200251901009e-01 -8.041219313026741755e-01 -8.039645681271443411e-01 -8.036357327401386641e-01 -8.031354741730671876e-01 -8.024638883001643519e-01 -8.016211178922774128e-01 -8.006073527131088996e-01 -7.994228297116959814e-01 -7.980678333754382958e-01 -7.965426963169723873e-01 -7.948478001751493327e-01 -7.929835769154637282e-01 -7.909505106185827916e-01 -7.887491398471695447e-01 -7.863800606815898320e-01 -7.838439305146198688e-01 -7.811414726948455733e-01 -7.782734821089247745e-01 -7.752408317950663097e-01 -7.720444806859330100e-01 -7.686854825894149368e-01 -7.651649965330696856e-01 -7.614842986241150413e-01 -7.576447956147561724e-01 -7.536480404157407387e-01 -7.494957498736077861e-01 -7.451898252249234966e-01 -7.407323757715139623e-01 -7.361257464945225593e-01 -7.313725505565333851e-01 -7.264757079503920689e-01 -7.214384919700131960e-01 -7.162645857458000975e-01 -7.109581518701696412e-01 -7.055239192377010804e-01 -6.999672927987389270e-01 -6.942944942379528639e-01 -6.885127450912410518e-01 -6.826305093208105967e-01 -6.766578214365752686e-01 -6.706067420582022542e-01 -6.644920123074944396e-01 -6.583320380539944283e-01 -6.521504672121597457e-01 -6.459789483298381541e-01 -6.398625579312398060e-01 -6.338722341077267508e-01 -6.281391352908894943e-01 -6.229719305801481033e-01 -6.193015691734933270e-01 -6.192215888481231723e-01 -6.227941236803378189e-01 -6.279139181463221364e-01 -6.336152917337238843e-01 -6.395795790618440391e-01 -6.456726963382546369e-01 -6.518226818397476752e-01 -6.579840568075212559e-01 -6.641250125584976516e-01 -6.702218487117413970e-01 -6.762561593114820857e-01 -6.822132298754862711e-01 -6.880810400262155069e-01 -6.938496018327849901e-01 -6.995104999564242254e-01 -7.050565608517471716e-01 -7.104816084431676559e-01 -7.157802798207490991e-01 -7.209478837297829124e-01 -7.259802902210127362e-01 -7.308738433787536071e-01 -7.356252913845676700e-01 -7.402317297651263006e-01 -7.446905547816732307e-01 -7.489994247072727651e-01 -7.531562273087064607e-01 -7.571590522684503721e-01 -7.610061675923072144e-01 -7.646959992801296568e-01 -7.682271137107722359e-01 -7.715982023230312237e-01 -7.748080682720182022e-01 -7.778556148129798231e-01 -7.807398352176273537e-01
-7.781278826288606787e-01 -7.807608675341960458e-01 -7.832288059259288060e-01 -7.855309117279396514e-01 -7.876664625440861212e-01 -7.896347953446232193e-01 -7.914353030094432029e-01 -7.930674316288666148e-01 -7.945306784643797471e-01 -7.958245904734839726e-01 -7.969487633051635100e-01 -7.979028406760162451e-01 -7.986865140421862685e-01 -7.992995224886989547e-01 -7.997416527663931962e-01 -8.000127394164365802e-01 -8.001126649341102626e-01 -8.000413599361716477e-01 -7.997988033099829863e-01 -7.993850223368661467e-01 -7.988000927967475739e-01 -7.980441390757256892e-01 -7.971173343118704846e-01 -7.960199006277913769e-01 -7.947521095100735788e-01 -7.933142824059790099e-01 -7.917067916164020058e-01 -7.899300615707072204e-01 -7.879845705741737039e-01 -7.858708531221996196e-01 -7.835895028774139126e-01 -7.811411764073974417e-01 -7.785265977817317218e-01 -7.757465641291956260e-01 -7.728019522595488411e-01 -7.696937264613716856e-01 -7.664229475988366680e-01 -7.629907836487517248e-01 -7.593985218461528630e-01 -7.556475826458564082e-01 -7.517395357613768647e-01 -7.476761186164707640e-01 -7.434592576434458921e-01 -7.390910929937811735e-01 -7.345740074000371989e-01 -7.299106601565649166e-01 -7.251040274876217051e-01 -7.201574509693812187e-01 -7.150746962005060103e-01 -7.098600246213223608e-01 -7.045182823304381170e-01 -6.990550110346361867e-01 -6.934765880306511532e-01 -6.877904045605762740e-01 -6.820050953217569045e-01 -6.761308368617565678e-01 -6.701797399612374750e-01 -6.641663727068076728e-01 -6.581084708390778637e-01 -6.520279305198212194e-01 -6.459522659757083174e-01 -6.399169485897753251e-01 -6.339697891300490884e-01 -6.281813784420270386e-01 -6.226793992821242352e-01 -6.178162038804386746e-01 -6.152170413055237930e-01 -6.176317306353984460e-01 -6.224379268449342639e-01 -6.279091313583878842e-01 -6.336732985155476561e-01 -6.395988379256963841e-01 -6.456140310877781507e-01 -6.516706693920732985e-01 -6.577331399608887796e-01 -6.637738961307180219e-01 -6.697710611877233378e-01 -6.757069446379585509e-01 -6.815670361013732581e-01 -6.873392875836651372e-01 -6.930135860873853915e-01 -6.985813585988746022e-01 -7.040352720368350248e-01 -7.093690026694087214e-01 -7.145770570466474236e-01 -7.196546315371920022e-01 -7.245975010498968416e-01 -7.294019299954130897e-01 -7.340646003240731687e-01 -7.385825527745419894e-01 -7.429531384231630176e-01 -7.471739783330449969e-01 -7.512429296321366801e-01 -7.551580567483827666e-01 -7.589176068313838730e-01 -7.625199886183667841e-01 -7.659637541754904522e-01 -7.692475830765687084e-01 -7.723702686799824857e-01 -7.753307062382508441e-01
-7.726413075929343677e-01 -7.753513278590327129e-01 -7.778972361942870783e-01 -7.802781725432583748e-01 -7.824933477340845212e-01 -7.845420381699244050e-01 -7.864235815076972003e-01 -7.881373732106464747e-01 -7.896828638659496580e-01 -7.910595571624223776e-01 -7.922670084270545532e-01 -7.933048236235158424e-01 -7.941726587211015431e-01 -7.948702193494248114e-01 -7.953972606622641273e-01 -7.957535873439194329e-01 -7.959390537024495504e-01 -7.959535638068888641e-01 -7.957970716389124455e-01 -7.954695812438359326e-01 -7.949711468805185088e-01 -7.943018731844551095e-01 -7.934619153728600383e-01 -7.924514795342340046e-01 -7.912708230577859547e-01 -7.899202552694171153e-01 -7.884001383512295735e-01 -7.867108886298261883e-01 -7.848529783255795422e-01 -7.828269378605727802e-01 -7.806333588270260027e-01 -7.782728977216972766e-01 -7.757462805551407214e-01 -7.730543084489646111e-01 -7.701978643403581959e-01 -7.671779209225136897e-01 -7.639955499638473313e-01 -7.606519331702221720e-01 -7.571483747851798229e-01 -7.534863161664561160e-01 -7.496673526371068208e-01 -7.456932529906037388e-01 -7.415659821381367367e-01 -7.372877275308017397e-01 -7.328609301801993769e-01 -7.282883213521685883e-01 -7.235729663392117539e-01 -7.187183171527059544e-01 -7.137282765507150240e-01 -7.086072765771074256e-01 -7.033603757934772105e-01 -6.979933807170399795e-01 -6.925129987353907390e-01 -6.869270320724765178e-01 -6.812446253536637020e-01 -6.754765830502909019e-01 -6.696357775292228753e-01 -6.637376731881716729e-01 -6.578009960186917970e-01 -6.518485780732443668e-01 -6.459083970148334908e-01 -6.400148028068290973e-01 -6.342098688425609199e-01 -6.285447590739539070e-01 -6.230813188492465571e-01 -6.178978963452067541e-01 -6.131709357391844639e-01 -6.129372099913142913e-01 -6.176183630309789452e-01 -6.227795258812011125e-01 -6.282236279850257343e-01 -6.338706830100573342e-01 -6.396583631299319617e-01 -6.455353150830773767e-01 -6.514594108827368446e-01 -6.573963198060366331e-01 -6.633181242782311138e-01 -6.692020734501616941e-01 -6.750295316797393363e-01 -6.807851268716669235e-01 -6.864560766572371797e-01 -6.920316617856608898e-01 -6.975028166710085520e-01 -7.028618111772831911e-01 -7.081020026530606692e-01 -7.132176417788682610e-01 -7.182037195882730041e-01 -7.230558460365285045e-01 -7.277701528175626322e-01 -7.323432149017846671e-01 -7.367719866065980394e-01 -7.410537490217115053e-01 -7.451860663731492140e-01 -7.491667494853174736e-01 -7.529938249360182967e-01 -7.566655088295328735e-01 -7.601801843635348499e-01 -7.635363825557470729e-01 -7.667327656401423663e-01 -7.697681127508462229e-01
-7.670024374405159939e-01 -7.697882471806214433e-01 -7.724109931746696578e-01 -7.748697287245718268e-01 -7.771635870736642859e-01 -7.792917748250349774e-01 -7.812535665222352099e-01 -7.830483002554052829e-01 -7.846753741656552483e-01 -7.861342437283200812e-01 -7.874244197020100478e-01 -7.885454666367675003e-01 -7.894970018411234802e-01 -7.902786947154213371e-01 -7.908902663672850997e-01 -7.913314894350506057e-01 -7.916021880561237012e-01 -7.917022379295908241e-01 -7.916315664359702131e-01 -7.913901527910244260e-01 -7.909780282256169137e-01 -7.903952761983721320e-01 -7.896420326629179920e-01 -7.887184864259241257e-01 -7.876248796458511503e-01 -7.863615085350710299e-01 -7.849287243395318692e-01 -7.833269346803570787e-01 -7.815566053506163291e-01 -7.796182626681873451e-01 -7.775124964923647575e-01 -7.752399640179856721e-01 -7.728013944673126634e-01 -7.701975948072172784e-01 -7.674294566288053510e-01 -7.644979643399332225e-01 -7.614042048398759199e-01 -7.581493788720974347e-01 -7.547348142887519984e-01 -7.511619815125777366e-01 -7.474325115531760266e-01 -7.435482170313842953e-01 -7.395111167950578768e-01 -7.353234648830143660e-01 -7.309877848244717979e-01 -7.265069105683120698e-01 -7.218840357450643230e-01 -7.171227735098452127e-01 -7.122272299446897881e-01 -7.072020949798212275e-01 -7.020527561160609942e-01 -6.967854420177451713e-01 -6.914074054602652453e-01 -6.859271583687900353e-01 -6.803547760254107235e-01 -6.747022932094793868e-01 -6.689842222322153198e-01 -6.632182313449557221e-01 -6.574260307677156634e-01 -6.516345196708608345e-01 -6.458772448782671427e-01 -6.401962029864105563e-01 -6.346439894049724639e-01 -6.292863824861358868e-01 -6.242064169418700681e-01 -6.195176518635314711e-01 -6.154477772790649670e-01 -6.131348389535218324e-01 -6.151739153029361917e-01 -6.191878898136473630e-01 -6.238525435544044484e-01 -6.289156521592179638e-01 -6.342589073799678179e-01 -6.397977617411166884e-01 -6.454658704333652297e-01 -6.512104566342289402e-01 -6.569895212129097661e-01 -6.627695990475855892e-01 -6.685239092503940661e-01 -6.742308718472491691e-01 -6.798729481878201808e-01 -6.854357486825036760e-01 -6.909073515352722739e-01 -6.962777836094288242e-01 -7.015386240753664904e-01 -7.066827004133136025e-01 -7.117038537617089711e-01 -7.165967564100738096e-01 -7.213567686412699631e-01 -7.259798254152453056e-01 -7.304623458191180640e-01 -7.348011600042737568e-01 -7.389934496574249723e-01 -7.430366990346272127e-01 -7.469286543168123238e-01 -7.506672895896814302e-01 -7.542507781578846604e-01 -7.576774682089675306e-01 -7.609458620720613853e-01 -7.640545984884895558e-01
-7.612140244916010268e-01 -7.640741707866559596e-01 -7.667724419122639024e-01 -7.693077877071615722e-01 -7.716792495698934218e-01 -7.738859521935775865e-01 -7.759270967115823314e-01 -7.778019550774063484e-01 -7.795098655211338823e-01 -7.810502289391884068e-01 -7.824225060856282443e-01 -7.836262154431309357e-01 -7.846609316609534091e-01 -7.855262844564261382e-01 -7.862219578863394176e-01 -7.867476899050381833e-01 -7.871032721377972941e-01 -7.872885498104815749e-01 -7.873034217901260234e-01 -7.871478407053504878e-01 -7.868218131305300123e-01 -7.863253998327947025e-01 -7.856587160963531824e-01 -7.848219321536662463e-01 -7.838152737676703508e-01 -7.826390230231243805e-01 -7.812935193981258575e-01 -7.797791611989148830e-01 -7.780964074519760576e-01 -7.762457803576510162e-01 -7.742278684189326521e-01 -7.720433303684967052e-01 -7.696929000269976395e-01 -7.671773922371636356e-01 -7.644977100324997776e-01 -7.616548532184379550e-01 -7.586499285692394068e-01 -7.554841618793386449e-01 -7.521589121560773306e-01 -7.486756883072248625e-01 -7.450361687669107003e-01 -7.412422246261579639e-01 -7.372959469996221982e-01 -7.331996795832916858e-01 -7.289560576589603214e-01 -7.245680552083280102e-01 -7.200390423520791616e-01 -7.153728560834350381e-01 -7.105738883016015084e-01 -7.056471965843604810e-01 -7.005986451387905545e-01 -6.954350861802868211e-01 -6.901645959707759515e-01 -6.847967854189347392e-01 -6.793432132610089935e-01 -6.738179414642406773e-01 -6.682382890692415423e-01 -6.626258640164693903e-01 -6.570079844487271004e-01 -6.514196424875884350e-01 -6.459062122946584994e-01 -6.405271514874308902e-01 -6.353609766775767387e-01 -6.305118278525495557e-01 -6.261181848700784203e-01 -6.223654517389541896e-01 -6.195055557782335187e-01 -6.178697876095278207e-01 -6.177743981771760540e-01 -6.192552177079967413e-01 -6.220228412689314812e-01 -6.257269505243464591e-01 -6.300945776948123633e-01 -6.349281245070409474e-01 -6.400831169929396269e-01 -6.454526727813738596e-01 -6.509571163113430092e-01 -6.565365802173264154e-01 -6.621456259657687582e-01 -6.677493488734158600e-01 -6.733205778417579168e-01 -6.788378681993487707e-01 -6.842840605728166548e-01 -6.896452405795346907e-01 -6.949099819124376909e-01 -7.000687903715357985e-01 -7.051136912106237276e-01 -7.100379194746384570e-01 -7.148356849896477794e-01 -7.195019919631276961e-01 -7.240324989120473509e-01 -7.284234086589114199e-01 -7.326713809654727960e-01 -7.367734623804996774e-01 -7.407270293131199557e-01 -7.445297413777109963e-01 -7.481795028082396382e-01 -7.516744302897029328e-01 -7.550128259590191959e-01 -7.581931546266511557e-01
-7.552793322630818595e-01 -7.582120916695418433e-01 -7.609843421541404584e-01 -7.635949071975669522e-01 -7.660427171141530600e-01 -7.683267984730542954e-01 -7.704462653021225682e-01 -7.724003118297669834e-01 -7.741882065553706838e-01 -7.758092874650774906e-01 -7.772629582303091089e-01 -7.785486852428776805e-01 -7.796659953545680422e-01 -7.806144742018668037e-01 -7.813937650088141895e-01 -7.820035677731400625e-01 -7.824436387537998527e-01 -7.827137901911742635e-01 -7.828138902054631032e-01 -7.827438628333232007e-01 -7.825036881782510001e-01 -7.820934026656625182e-01 -7.815130994095871309e-01 -7.807629287135655627e-01 -7.798430987439295414e-01 -7.787538764286792148e-01 -7.774955886497052493e-01 -7.760686238100057421e-01 -7.744734338707434107e-01 -7.727105369658857636e-01 -7.707805207148663573e-01 -7.686840463668356271e-01 -7.664218539245355455e-01 -7.639947684125059091e-01 -7.614037074751027756e-01 -7.586496905164008542e-01 -7.557338496292993479e-01 -7.526574426088374903e-01 -7.494218684091319416e-01 -7.460286854911595267e-01 -7.424796336280090614e-01 -7.387766598969001119e-01 -7.349219498085434177e-01 -7.309179648268389062e-01 -7.267674879460073178e-01 -7.224736795627533237e-01 -7.180401466723261850e-01 -7.134710295237833844e-01 -7.087711114318452355e-01 -7.039459596703874222e-01 -6.990021085843819426e-01 -6.939473007376101288e-01 -6.887908088047981492e-01 -6.835438711510575249e-01 -6.782202893213051809e-01 -6.728372584512903876e-01 -6.674165351408410940e-01 -6.619860947188778155e-01 -6.565824900696508593e-01 -6.512541782637526477e-01 -6.460660502325191734e-01 -6.411050342446170669e-01 -6.364853160375534280e-01 -6.323483656958832633e-01 -6.288478598908449069e-01 -6.261108137870114998e-01 -6.241902002176521469e-01 -6.230558768337551845e-01 -6.226454120490192423e-01 -6.229309864986731782e-01 -6.239489053032141186e-01 -6.257717932407113048e-01 -6.284378173555180691e-01 -6.318940761546300022e-01 -6.360065350903609804e-01 -6.406131923833480180e-01 -6.455665850016207852e-01 -6.507491925240047603e-01 -6.560725332359448325e-01 -6.614711312191283721e-01 -6.668964148170274386e-01 -6.723119248575833984e-01 -6.776898597581868522e-01 -6.830086568482831577e-01 -6.882513086269079761e-01 -6.934041842560044744e-01 -6.984561958358553868e-01 -7.033982008358730109e-01 -7.082225677358369165e-01 -7.129228557607291128e-01 -7.174935753715478981e-01 -7.219300066464381382e-01 -7.262280596887014106e-01 -7.303841659277939824e-01 -7.343951924105689422e-01 -7.382583734131960007e-01 -7.419712552653012771e-01 -7.455316513810803514e-01 -7.489376052793211835e-01 -7.521873599408986921e-01
-7.492023037351670522e-01 -7.522055906492023380e-01 -7.550499657437091949e-01 -7.577340941023769094e-01 -7.602567683242491547e-01 -7.626168946270361904e-01 -7.648134813169472634e-01 -7.668456292617198411e-01 -7.687125240676229154e-01 -7.704134297091691508e-01 -7.719476833967349183e-01 -7.733146914956978701e-01 -7.745139263335838464e-01 -7.755449237509995930e-01 -7.764072812691611425e-01 -7.771006567626116412e-01 -7.776247675409970750e-01 -7.779793897588311857e-01 -7.781643580876301813e-01 -7.781795656003643868e-01 -7.780249638341700802e-01 -7.777005630136321068e-01 -7.772064324333785024e-01 -7.765427010153974630e-01 -7.757095580729007622e-01 -7.747072543290627333e-01 -7.735361032549710192e-01 -7.721964828071158360e-01 -7.706888376604706936e-01 -7.690136820491069169e-01 -7.671716033427863346e-01 -7.651632665055361215e-01 -7.629894196022344310e-01 -7.606509005425650116e-01 -7.581486452807847387e-01 -7.554836977268120091e-01 -7.526572216727570597e-01 -7.496705151040909954e-01 -7.465250273522923141e-01 -7.432223796648320668e-01 -7.397643899308715687e-01 -7.361531025235343861e-01 -7.323908245256356420e-01 -7.284801700292855564e-01 -7.244241147889854959e-01 -7.202260643349449598e-01 -7.158899398241964640e-01 -7.114202875821550309e-01 -7.068224207101972967e-01 -7.021026046804702547e-01 -6.972683040881622052e-01 -6.923285155862173301e-01 -6.872942238841343032e-01 -6.821790356680285106e-01 -6.770000734410049903e-01 -6.717792514102690626e-01 -6.665451114872869010e-01 -6.613354637415059800e-01 -6.562011141832969630e-01 -6.512108329888883773e-01 -6.464570111380681938e-01 -6.420592825949082982e-01 -6.381588617511350092e-01 -6.348923264381565179e-01 -6.323431135269712566e-01 -6.305005411786699376e-01 -6.292688748389262399e-01 -6.285212202783307944e-01 -6.281521309306633549e-01 -6.281045354442487127e-01 -6.283780919085782957e-01 -6.290301935191050520e-01 -6.301695882558960848e-01 -6.319303313097557329e-01 -6.344164732015538100e-01 -6.376423646663792466e-01 -6.415211289025803953e-01 -6.459092653522556793e-01 -6.506595066838130048e-01 -6.556484991585302957e-01 -6.607820315406979228e-01 -6.659906337467599302e-01 -6.712233616251448431e-01 -6.764425164545538882e-01 -6.816197612642050929e-01 -6.867334078453473101e-01 -6.917665493495505080e-01 -6.967057724174368083e-01 -7.015402601593868637e-01 -7.062611588145478736e-01 -7.108611237423415607e-01 -7.153339888332677088e-01 -7.196745220114738606e-01 -7.238782416416328358e-01 -7.279412766349979691e-01 -7.318602583520040783e-01 -7.356322359632436747e-01 -7.392546093568983512e-01 -7.427250753524889948e-01 -7.460415841463102771e-01
-7.429878085290138046e-01 -7.460590396632954535e-01 -7.489732649285595345e-01 -7.517289447608246356e-01 -7.543246961003908790e-01 -7.567592735152008920e-01 -7.590315536507070693e-01 -7.611405224297342897e-01 -7.630852645442447457e-01 -7.648649548685864108e-01 -7.664788514894969040e-01 -7.679262900979851869e-01 -7.692066795271252921e-01 -7.703194982508567712e-01 -7.712642916846100816e-01 -7.720406701508806258e-01 -7.726483073928247514e-01 -7.730869395375921105e-01 -7.733563644290486483e-01 -7.734564412670318356e-01 -7.733870905078488178e-01 -7.731482939982161628e-01 -7.727400953324328192e-01 -7.721626004403321364e-01 -7.714159784313273649e-01 -7.705004627377715076e-01 -7.694163526187481894e-01 -7.681640151037203434e-01 -7.667438874739612720e-01 -7.651564803992738639e-01 -7.634023818681643370e-01 -7.614822620729856384e-01 -7.593968794380631104e-01 -7.571470880109569812e-01 -7.547338464768180710e-01 -7.521582291069601744e-01 -7.494214390195838016e-01 -7.465248242200718254e-01 -7.434698970085805714e-01 -7.402583575068034660e-01 -7.368921222807713889e-01 -7.333733593472959722e-01 -7.297045312839516296e-01 -7.258884487685022258e-01 -7.219283377304943627e-01 -7.178279245211884874e-01 -7.135915452736407705e-01 -7.092242882017384398e-01 -7.047321813928866252e-01 -7.001224443350250182e-01 -6.954038300031616382e-01 -6.905870973952485947e-01 -6.856856743480627125e-01 -6.807166006889922016e-01 -6.757018863709643997e-01 -6.706704804084577809e-01 -6.656611145886747183e-01 -6.607263077651059913e-01 -6.559376071520433005e-01 -6.513911979672180053e-01 -6.472103484909377258e-01 -6.435362709798897463e-01 -6.404965808206357636e-01 -6.381549123687034752e-01 -6.364768862567344865e-01 -6.353479477134721387e-01 -6.346264815325105557e-01 -6.341880636856578324e-01 -6.339438335283849035e-01 -6.338422149800049255e-01 -6.338659678442311041e-01 -6.340307963876179453e-01 -6.343872850523231133e-01 -6.350247438393291644e-01 -6.360708239839777400e-01 -6.376739830031068479e-01 -6.399572363347807435e-01 -6.429597572817997708e-01 -6.466157376662290401e-01 -6.507910868136403959e-01 -6.553383383077666657e-01 -6.601301913551547162e-01 -6.650684494120200352e-01 -6.700807969534099406e-01 -6.751145779427573101e-01 -6.801312014939886463e-01 -6.851019600553428512e-01 -6.900051037733988535e-01 -6.948238369445994822e-01 -6.995449474163004666e-01 -7.041578608260280481e-01 -7.086539792360213585e-01 -7.130262114560210751e-01 -7.172686340616369893e-01 -7.213762427500652885e-01 -7.253447670546796511e-01 -7.291705301618689461e-01 -7.328503413135697420e-01 -7.363814121013336766e-01 -7.397612905350655632e-01
-7.366420159308205706e-01 -7.397779043332718407e-01 -7.427591195886942277e-01 -7.455838483732996069e-01 -7.482504761331484344e-01 -7.507575603692219213e-01 -7.531038088990821278e-01 -7.552880621228551528e-01 -7.573092785456576603e-01 -7.591665229720103714e-01 -7.608589569081822823e-01 -7.623858307982748217e-01 -7.637464777878825162e-01 -7.649403087616901686e-01 -7.659668084430772961e-01 -7.668255323776613785e-01 -7.675161046515592833e-01 -7.680382162200785068e-01 -7.683916237453801701e-01 -7.685761488628098936e-01 -7.685916778157713125e-01 -7.684381614189372822e-01 -7.681156153288934973e-01 -7.676241206208058721e-01 -7.669638246893830669e-01 -7.661349425119358125e-01 -7.651377583318461628e-01 -7.639726278414535887e-01 -7.626399809655293183e-01 -7.611403253701043425e-01 -7.594742508475951226e-01 -7.576424347590349218e-01 -7.556456487494944696e-01 -7.534847669957808192e-01 -7.511607762996992399e-01 -7.486747884099497208e-01 -7.460280550477429440e-01 -7.432219862342395178e-01 -7.402581726846525489e-01 -7.371384132622582630e-01 -7.338647488011328379e-01 -7.304395040467801525e-01 -7.268653400833338107e-01 -7.231453204966119541e-01 -7.192829957862945101e-01 -7.152825123753873138e-01 -7.111487552591879702e-01 -7.068875373385654637e-01 -7.025058544970644858e-01 -6.980122346123092125e-01 -6.934172226569738084e-01 -6.887340654423912412e-01 -6.839796920560593518e-01 -6.791761339049767754e-01 -6.743525932456991834e-01 -6.695484385657830551e-01 -6.648174150218811862e-01 -6.602330928776214414e-01 -6.558944694337738301e-01 -6.519276665389702741e-01 -6.484746412729530674e-01 -6.456586351384103750e-01 -6.435332522660165422e-01 -6.420528286569078258e-01 -6.410950319132614483e-01 -6.405136647744984479e-01 -6.401793465938304672e-01 -6.399946713058388692e-01 -6.398935911072471949e-01 -6.398359757985258023e-01 -6.398027339721310547e-01 -6.397932078961080515e-01 -6.398252073953945018e-01 -6.399377497762993583e-01 -6.401963035362963073e-01 -6.406990298631290992e-01 -6.415786702686060439e-01 -6.429882751565464405e-01 -6.450588038562427018e-01 -6.478412190758712219e-01 -6.512801987346348298e-01 -6.552460223543362661e-01 -6.595901777435233537e-01 -6.641822339003146114e-01 -6.689210427940669446e-01 -6.737322332965716143e-01 -6.785619441626837833e-01 -6.833709874066620227e-01 -6.881304432052294251e-01 -6.928185759212799333e-01 -6.974187292403561944e-01 -7.019178939599401978e-01 -7.063057259034533075e-01 -7.105738636866490987e-01 -7.147154474275980718e-01 -7.187247736307746937e-01 -7.225970436255161333e-01 -7.263281772382513823e-01 -7.299146726490264303e-01 -7.333534994490313874e-01
-7.301729751397832979e-01 -7.333692073284409085e-01 -7.364137103237680115e-01 -7.393042897486705733e-01 -7.420390143909811886e-01 -7.446161765296165358e-01 -7.470342602040619395e-01 -7.492919156916704182e-01 -7.513879388967810158e-01 -7.533212546698256906e-01 -7.550909033018671224e-01 -7.566960296060089020e-01 -7.581358741202059992e-01 -7.594097660584211429e-01 -7.605171177078946521e-01 -7.614574200257151482e-01 -7.622302392323573317e-01 -7.628352142367662569e-01 -7.632720547588698334e-01 -7.635405400434184253e-01 -7.636405180840535323e-01 -7.635719053004033086e-01 -7.633346866335526393e-01 -7.629289160475154485e-01 -7.623547174463999321e-01 -7.616122860395919680e-01 -7.607018902101860824e-01 -7.596238739664986639e-01 -7.583786600825808133e-01 -7.569667540624789304e-01 -7.553887490959327877e-01 -7.536453322113577658e-01 -7.517372918783333802e-01 -7.496655273690567833e-01 -7.474310602614254728e-01 -7.450350485614927187e-01 -7.424788040492978913e-01 -7.397638136221602601e-01 -7.368917656416522632e-01 -7.338645826109494452e-01 -7.306844619565693311e-01 -7.273539273190288146e-01 -7.238758936558389312e-01 -7.202537507546796780e-01 -7.164914716411626694e-01 -7.125937551466144937e-01 -7.085662160498296114e-01 -7.044156424663791105e-01 -7.001503496981719143e-01 -6.957806743971692853e-01 -6.913196753985292320e-01 -6.867841418226567907e-01 -6.821960594852241044e-01 -6.775847548315452329e-01 -6.729900070575446369e-01 -6.684664224034257973e-01 -6.640890633883748118e-01 -6.599591091610704785e-01 -6.562051373882510363e-01 -6.529704884118312513e-01 -6.503767504799602417e-01 -6.484723396935505590e-01 -6.472053932950722066e-01 -6.464492765854523704e-01 -6.460555476443119449e-01 -6.458929989863317900e-01 -6.458613719311334656e-01 -6.458898892675780656e-01 -6.459311181921459921e-01 -6.459551271590874277e-01 -6.459453418048390905e-01 -6.458961792714184025e-01 -6.458122779168835592e-01 -6.457092451225080465e-01 -6.456160408582670707e-01 -6.455792501076910161e-01 -6.456692969705863927e-01 -6.459873853749257266e-01 -6.466682377213535116e-01 -6.478672987369568093e-01 -6.497200599354293615e-01 -6.522839708925396440e-01 -6.555089841935493045e-01 -6.592667880077269782e-01 -6.634071287963044794e-01 -6.677968719474591808e-01 -6.723325886265002493e-01 -6.769384113999763475e-01 -6.815596549547494609e-01 -6.861567678471656162e-01 -6.907007500876237716e-01 -6.951699480301852807e-01 -6.995478736333361480e-01 -7.038217268222711764e-01 -7.079813870127783515e-01 -7.120187159904910468e-01 -7.159270685669958389e-01 -7.197009434305670084e-01 -7.233357299000119367e-01 -7.268275212733684709e-01
-7.235915493174225332e-01 -7.268422611860675397e-01 -7.299450987779915190e-01 -7.328973129119389363e-01 -7.356965205550715092e-01 -7.383406425995269196e-01 -7.408278551755939079e-01 -7.431565512265092543e-01 -7.453253099684975513e-01 -7.473328724878268714e-01 -7.491781221708213589e-01 -7.508600689805647876e-01 -7.523778368243355663e-01 -7.537306534245802325e-01 -7.549178422321388693e-01 -7.559388160157307635e-01 -7.567930718352261499e-01 -7.574801871646754670e-01 -7.579998169782349304e-01 -7.583516916518483475e-01 -7.585356155678225631e-01 -7.585514663399175461e-01 -7.583991946048395105e-01 -7.580788243528040482e-01 -7.575904537959915475e-01 -7.569342568001333760e-01 -7.561104849316112597e-01 -7.551194702014454307e-01 -7.539616286190591321e-01 -7.526374647043551080e-01 -7.511475771477398311e-01 -7.494926658570831846e-01 -7.476735406909932324e-01 -7.456911322541905918e-01 -7.435465052291548860e-01 -7.412408748478638287e-01 -7.387756272811042413e-01 -7.361523449587913381e-01 -7.333728381599680102e-01 -7.304391846643820685e-01 -7.273537798971931867e-01 -7.241194009108576912e-01 -7.207392888655126395e-01 -7.172172565933930821e-01 -7.135578306772712986e-01 -7.097664417286905225e-01 -7.058496829919462812e-01 -7.018156672436638432e-01 -6.976745271106167268e-01 -6.934391272803341888e-01 -6.891260927067044406e-01 -6.847573094927081883e-01 -6.803621262520076485e-01 -6.759805579872046888e-01 -6.716677959856542923e-01 -6.675000051783094301e-01 -6.635801011304168773e-01 -6.600388555548071245e-01 -6.570214253146218208e-01 -6.546494158272661013e-01 -6.529687592694167764e-01 -6.519239015550495342e-01 -6.513852573579465011e-01 -6.512026834615812776e-01 -6.512438278978551764e-01 -6.514071020008314061e-01 -6.516197867115040010e-01 -6.518316335234538572e-01 -6.520087393097264705e-01 -6.521289800858134367e-01 -6.521789821852411739e-01 -6.521523190523560443e-01 -6.520486685695556783e-01 -6.518737941878828268e-01 -6.516403539880873952e-01 -6.513696872359159284e-01 -6.510948729498839960e-01 -6.508654387386421103e-01 -6.507538728030943798e-01 -6.508628443282858944e-01 -6.513283894943558971e-01 -6.523078816730308871e-01 -6.539400389368906774e-01 -6.562861876560243113e-01 -6.592986506901590271e-01 -6.628487187167293460e-01 -6.667839393499356282e-01 -6.709687661546402948e-01 -6.752979693987455345e-01 -6.796945981877193788e-01 -6.841034312863532030e-01 -6.884847339163643332e-01 -6.928095294820333372e-01 -6.970563002332154090e-01 -7.012087496513879081e-01 -7.052542917838037217e-01 -7.091830241689153214e-01 -7.129870206334233407e-01 -7.166598368296860366e-01 -7.201961588378590351e-01
-7.169129790377188893e-01 -7.202098704185573297e-01 -7.233641617733088669e-01 -7.263722542538808558e-01 -7.292310888203856756e-01 -7.319380426040930088e-01 -7.344908499048303785e-01 -7.368875412844847483e-01 -7.391263961482860134e-01 -7.412059055201454250e-01 -7.431247426251854638e-01 -7.448817395260324270e-01 -7.464758685075807421e-01 -7.479062272259909827e-01 -7.491720268707675601e-01 -7.502725827605050135e-01 -7.512073069214917354e-01 -7.519757022965286586e-01 -7.525773583077179918e-01 -7.530119475583408883e-01 -7.532792235091431143e-01 -7.533790190072630066e-01 -7.533112455837225330e-01 -7.530758934698804641e-01 -7.526730323159647185e-01 -7.521028126270993264e-01 -7.513654679653309909e-01 -7.504613180014040319e-01 -7.493907725387854990e-01 -7.481543366768498293e-01 -7.467526173323368877e-01 -7.451863314018219997e-01 -7.434563159273421817e-01 -7.415635407289731251e-01 -7.395091241011293448e-01 -7.372943523464260407e-01 -7.349207041607738189e-01 -7.323898812126914404e-01 -7.297038467185456012e-01 -7.268648744619793378e-01 -7.238756116289409848e-01 -7.207391601635255718e-01 -7.174591833012026187e-01 -7.140400468261148825e-01 -7.104870089322539162e-01 -7.068064791406822867e-01 -7.030063767951805209e-01 -6.990966351990604011e-01 -6.950899214695349659e-01 -6.910026789287296856e-01 -6.868566532521914736e-01 -6.826811374795292986e-01 -6.785162486711174834e-01 -6.744175520861361850e-01 -6.704620168988632001e-01 -6.667539511681894737e-01 -6.634260981571572513e-01 -6.606256727514782101e-01 -6.584753316009006596e-01 -6.570201579258079239e-01 -6.562023346445984284e-01 -6.558899825430188901e-01 -6.559313685543872730e-01 -6.561930923242859093e-01 -6.565726610423796572e-01 -6.569963197142699718e-01 -6.574124937329586249e-01 -6.577855422094405213e-01 -6.580910490381838285e-01 -6.583125913206794300e-01 -6.584396351190497931e-01 -6.584662408797163913e-01 -6.583903609893400066e-01 -6.582136081580497455e-01 -6.579414561937726447e-01 -6.575839127201001943e-01 -6.571567890945226864e-01 -6.566837968493702826e-01 -6.561998182859339890e-01 -6.557557693264327581e-01 -6.554252490385243934e-01 -6.553119424279798544e-01 -6.555531145648099134e-01 -6.563079982760048336e-01 -6.577179028310483622e-01 -6.598465367626518141e-01 -6.626468367085063260e-01 -6.659885876066738986e-01 -6.697168973849747520e-01 -6.736940633286220281e-01 -6.778134291762087926e-01 -6.819972771423024049e-01 -6.861900697841156749e-01 -6.903520256505581987e-01 -6.944542693496225105e-01 -6.984754585884178635e-01 -7.023995042776363107e-01 -7.062140364173431495e-01 -7.099093644926789404e-01 -7.134777639676342931e-01
-7.101596189251991875e-01 -7.134903875336253698e-01 -7.166861548164102924e-01 -7.197419450738293811e-01 -7.226536326843561175e-01 -7.254177579014104982e-01 -7.280313905543368547e-01 -7.304920278154292124e-01 -7.327975165673153990e-01 -7.349459938020067584e-01 -7.369358404279847674e-01 -7.387656451850302952e-01 -7.404341762790321857e-01 -7.419403589864325133e-01 -7.432832579292606434e-01 -7.444620630456376675e-01 -7.454760785164130654e-01 -7.463247140832767190e-01 -7.470074783250583161e-01 -7.475239735602188240e-01 -7.478738921232455095e-01 -7.480570138276179115e-01 -7.480732044823272808e-01 -7.479224153767209948e-01 -7.476046836918850413e-01 -7.471201338384892976e-01 -7.464689797630011947e-01 -7.456515283083591239e-01 -7.446681837641017099e-01 -7.435194537971429041e-01 -7.422059570215644442e-01 -7.407284325485525844e-01 -7.390877519625471681e-01 -7.372849343059515448e-01 -7.353211648350818086e-01 -7.331978185533969405e-01 -7.309164898612270367e-01 -7.284790301243174726e-01 -7.258875956158169496e-01 -7.231447092172947899e-01 -7.202533406101108149e-01 -7.172170116590805833e-01 -7.140399366124144942e-01 -7.107272111300665385e-01 -7.072850708199471814e-01 -7.037212501980210089e-01 -7.000454888207292559e-01 -6.962702558662630103e-01 -6.924118020860723366e-01 -6.884917040076810046e-01 -6.845391417290013214e-01 -6.805942331386504174e-01 -6.767127544913180692e-01 -6.729722434363699657e-01 -6.694781158679304900e-01 -6.663648660122543088e-01 -6.637818495701152122e-01 -6.618533950800160603e-01 -6.606247753584899574e-01 -6.600368301527752557e-01 -6.599558053916760869e-01 -6.602284199147278043e-01 -6.607202046211512192e-01 -6.613278792148663543e-01 -6.619769780295344797e-01 -6.626151617712287001e-01 -6.632058872983471742e-01 -6.637236289190711069e-01 -6.641505683815069894e-01 -6.644743872058597178e-01 -6.646868270662942280e-01 -6.647827784881440438e-01 -6.647597433410823431e-01 -6.646175810990740951e-01 -6.643584975537398796e-01 -6.639872755905229518e-01 -6.635117888928562246e-01 -6.629438894608304933e-01 -6.623008277290456380e-01 -6.616074574950077114e-01 -6.608995911178107141e-01 -6.602289415137191364e-01 -6.596698713460046326e-01 -6.593269539963128034e-01 -6.593387095378184792e-01 -6.598662067166473078e-01 -6.610529261576705284e-01 -6.629639838542513708e-01 -6.655518136648573835e-01 -6.686840409112653205e-01 -6.722032707710764443e-01 -6.759699005629731250e-01 -6.798761591305161334e-01 -6.838438118274846600e-01 -6.878171734408056182e-01 -6.917565178606579490e-01 -6.956331269720410493e-01 -6.994258606361426489e-01 -7.031188460005781682e-01 -7.066999274000238529e-01
-7.033659793457736065e-01 -7.067114019299619576e-01 -7.099334486492144825e-01 -7.130247681251904446e-01 -7.159794493348083932e-01 -7.187926707734975107e-01 -7.214604492333238639e-01 -7.239794571149691382e-01 -7.263468876394648666e-01 -7.285603540661946820e-01 -7.306178134259924128e-01 -7.325175081910979547e-01 -7.342579212578072001e-01 -7.358377409465963748e-01 -7.372558336405080626e-01 -7.385112223230948514e-01 -7.396030697311537505e-01 -7.405306651640831683e-01 -7.412934142304419272e-01 -7.418908309900855702e-01 -7.423225320852163689e-01 -7.425882325591757205e-01 -7.426877431463932977e-01 -7.426209688877737358e-01 -7.423879089876773696e-01 -7.419886578857365356e-01 -7.414234075724716044e-01 -7.406924512353642021e-01 -7.397961883853404474e-01 -7.387351316863232098e-01 -7.375099157981592768e-01 -7.361213086522830906e-01 -7.345702257194431928e-01 -7.328577480127640431e-01 -7.309851448161656107e-01 -7.289539024648803434e-01 -7.267657609717245171e-01 -7.244227609495814679e-01 -7.219273042173235400e-01 -7.192822328305951141e-01 -7.164909332625035709e-01 -7.135574754032966149e-01 -7.104868004738236209e-01 -7.072849786818149465e-01 -7.039595678060364126e-01 -7.005201199426346337e-01 -6.969789085714465093e-01 -6.933519864685949718e-01 -6.896607422686201749e-01 -6.859342022812606743e-01 -6.822124095660402343e-01 -6.785512247887416359e-01 -6.750285629312121616e-01 -6.717507005169508494e-01 -6.688536513262535177e-01 -6.664888679080822609e-01 -6.647826861578767232e-01 -6.637812426309426250e-01 -6.634246914397265993e-01 -6.635777506123975433e-01 -6.640856657278124686e-01 -6.648128899053429297e-01 -6.656553914270758598e-01 -6.665381226382948165e-01 -6.674082134105764341e-01 -6.682285672897011475e-01 -6.689730336364593244e-01 -6.696230563145468828e-01 -6.701654217778629796e-01 -6.705907643172681620e-01 -6.708925809096729642e-01 -6.710665912880960926e-01 -6.711103390919596068e-01 -6.710229714833021442e-01 -6.708051638946640471e-01 -6.704591791963571135e-01 -6.699890711331797366e-01 -6.694010646589652058e-01 -6.687041755812431765e-01 -6.679111748331539866e-01 -6.670400664345462749e-01 -6.661163398151447312e-01 -6.651763710514709826e-01 -6.642724225077910605e-01 -6.634794817317827276e-01 -6.629029691938697066e-01 -6.626826695921762544e-01 -6.629814132962013051e-01 -6.639444857454827043e-01 -6.656377006927877149e-01 -6.680122651461672945e-01 -6.709333061313058622e-01 -6.742410043935053165e-01 -6.777941260142658075e-01 -6.814840556924749437e-01 -6.852322434816956465e-01 -6.889829855534815861e-01 -6.926966856707341691e-01 -6.963448213351453031e-01 -6.999064705104688366e-01
-6.965885674340479561e-01 -6.999167295218211571e-01 -7.031405703261420781e-01 -7.062483469490267174e-01 -7.092309572734576406e-01 -7.120812223568395716e-01 -7.147933898569236444e-01 -7.173627848277034369e-01 -7.197855602038053524e-01 -7.220585157745451621e-01 -7.241789649627208281e-01 -7.261446354973745132e-01 -7.279535944886993404e-01 -7.296041913350027608e-01 -7.310950138503550244e-01 -7.324248543334912487e-01 -7.335926832172413592e-01 -7.345976285805184691e-01 -7.354389602616934196e-01 -7.361160776419998220e-01 -7.366285004102341993e-01 -7.369758618025340491e-01 -7.371579039519337018e-01 -7.371744750952127223e-01 -7.370255284787178285e-01 -7.367111228879538176e-01 -7.362314248037128417e-01 -7.355867122661502444e-01 -7.347773806124886509e-01 -7.338039503507403083e-01 -7.326670775479617870e-01 -7.313675672573587416e-01 -7.299063906973186633e-01 -7.282847071463497413e-01 -7.265038918585641214e-01 -7.245655717747253588e-01 -7.224716714646945981e-01 -7.202244726780854256e-01 -7.178266922400460270e-01 -7.152815850212262960e-01 -7.125930816692359615e-01 -7.097659752392702082e-01 -7.068061776405746288e-01 -7.037210772546027560e-01 -7.005200452859186022e-01 -6.972151636270433883e-01 -6.938222859545273291e-01 -6.903626021383256761e-01 -6.868649569093320251e-01 -6.833692628747647380e-01 -6.799313665683087704e-01 -6.766294025673075252e-01 -6.735702868384129127e-01 -6.708913083005170197e-01 -6.687458727698537553e-01 -6.672624526213304375e-01 -6.664884813838657385e-01 -6.663639383154008611e-01 -6.667523518458029486e-01 -6.674976282641139624e-01 -6.684631777892360294e-01 -6.695442441311622028e-01 -6.706652575618174961e-01 -6.717729232662821293e-01 -6.728297494408023161e-01 -6.738091775777906856e-01 -6.746922024533247297e-01 -6.754650959133008392e-01 -6.761178867002451964e-01 -6.766433447333370932e-01 -6.770363016285688706e-01 -6.772931987197010617e-01 -6.774117936641081972e-01 -6.773909831090100253e-01 -6.772307168786561027e-01 -6.769319923286197804e-01 -6.764969285312851799e-01 -6.759289309752848363e-01 -6.752329706737694170e-01 -6.744160197051914940e-01 -6.734877120962396990e-01 -6.724613401816085245e-01 -6.713553596470172025e-01 -6.701956685093817256e-01 -6.690190411815535310e-01 -6.678781779925700990e-01 -6.668486278335142847e-01 -6.660366288836537807e-01 -6.655831917068191217e-01 -6.656527610501447034e-01 -6.663920534888998493e-01 -6.678670174240221025e-01 -6.700271704608719014e-01 -6.727350322939945615e-01 -6.758285481761487912e-01 -6.791651350469818382e-01 -6.826355746705404792e-01 -6.861611663890889723e-01 -6.896862862937473970e-01 -6.931715208539750428e-01
-6.899263304510172556e-01 -6.931804836593173924e-01 -6.963640418550632871e-01 -6.994565350530385084e-01 -7.024427382457291147e-01 -7.053111035388004435e-01 -7.080527076084026650e-01 -7.106605357058403127e-01 -7.131289870298854749e-01 -7.154535274946856038e-01 -7.176304420856082222e-01 -7.196566555618214567e-01 -7.215296008164283625e-01 -7.232471209959384639e-01 -7.248073959072366401e-01 -7.262088861652344907e-01 -7.274502904952279136e-01 -7.285305129376898892e-01 -7.294486376242745873e-01 -7.302039094396152175e-01 -7.307957193444013511e-01 -7.312235934704641727e-01 -7.314871853482638464e-01 -7.315862708189625474e-01 -7.315207453363345991e-01 -7.312906234926794813e-01 -7.308960407184299513e-01 -7.303372572169632981e-01 -7.296146643131097287e-01 -7.287287935252368953e-01 -7.276803288283011373e-01 -7.264701227729487565e-01 -7.250992173837086385e-01 -7.235688711056583733e-01 -7.218805935440572030e-01 -7.200361904062786422e-01 -7.180378220003239553e-01 -7.158880800084408413e-01 -7.135900892520604666e-01 -7.111476441309542151e-01 -7.085653938847762401e-01 -7.058490976319825583e-01 -7.030059806343216255e-01 -7.000452395468956812e-01 -6.969787698466304304e-01 -6.938222279963743855e-01 -6.905966001314539637e-01 -6.873305316559887856e-01 -6.840637646751183132e-01 -6.808520549014688283e-01 -6.777736247279561033e-01 -6.749358283251308821e-01 -6.724769746561567452e-01 -6.705522022637744328e-01 -6.692920947766063389e-01 -6.687456454568305730e-01 -6.688530795679979990e-01 -6.694770885709968589e-01 -6.704604340083825109e-01 -6.716655661612394024e-01 -6.729870440246563668e-01 -6.743488133733641643e-01 -6.756972076157968798e-01 -6.769944151651049458e-01 -6.782135725557127959e-01 -6.793353611536155912e-01 -6.803457143316440359e-01 -6.812342828957005381e-01 -6.819934043763076215e-01 -6.826174059123600868e-01 -6.831021300567562404e-01 -6.834446123461506151e-01 -6.836428651473441809e-01 -6.836957390603423113e-01 -6.836028444211915689e-01 -6.833645234652589995e-01 -6.829818700282914712e-01 -6.824567994429814322e-01 -6.817921775832449516e-01 -6.809920259947914722e-01 -6.800618313126901571e-01 -6.790090040626943768e-01 -6.778435581123840592e-01 -6.765791229916704452e-01 -6.752344646090669977e-01 -6.738357829174171920e-01 -6.724201731450544228e-01 -6.710407201832059298e-01 -6.697734969154852669e-01 -6.687255182667859454e-01 -6.680389299679775350e-01 -6.678795720623103005e-01 -6.683951910314197553e-01 -6.696513960676876431e-01 -6.715957398781307042e-01 -6.740881986573231677e-01 -6.769647559831657446e-01 -6.800817716519047540e-01 -6.833296421985822766e-01 -6.866296516453000987e-01
-6.835656020780035425e-01 -6.866372038802893707e-01 -6.897028151563208143e-01 -6.927234823565803223e-01 -6.956713745476479360e-01 -6.985262447745669290e-01 -7.012730725104390217e-01 -7.039004964830342104e-01 -7.063997641810704220e-01 -7.087640182548021750e-01 -7.109878042349876415e-01 -7.130667254634771579e-01 -7.149971974013769049e-01 -7.167762700903816953e-01 -7.184014981101898289e-01 -7.198708441707029060e-01 -7.211826069049669385e-01 -7.223353663541771663e-01 -7.233279425980144728e-01 -7.241593643195949337e-01 -7.248288450194105836e-01 -7.253357652444438752e-01 -7.256796596680097355e-01 -7.258602082026824887e-01 -7.258772305940242031e-01 -7.257306841556701027e-01 -7.254206644879390709e-01 -7.249474091896972450e-01 -7.243113047416359640e-01 -7.235128969237307750e-01 -7.225529053476752450e-01 -7.214322429579997920e-01 -7.201520417133735474e-01 -7.187136861433204293e-01 -7.171188571469621076e-01 -7.153695893506630821e-01 -7.134683467097657772e-01 -7.114181230415098645e-01 -7.092225771476287077e-01 -7.068862166582241535e-01 -7.044146515503174610e-01 -7.018149488185991824e-01 -6.990961361535860119e-01 -6.962699280561543969e-01 -6.933517874836980788e-01 -6.903624960015746215e-01 -6.873304893988455566e-01 -6.842953111606556726e-01 -6.813125665875211512e-01 -6.784604548456045769e-01 -6.758465837589923142e-01 -6.736100207244509752e-01 -6.719073586833921308e-01 -6.708711498043389287e-01 -6.705520821776502771e-01 -6.708909860938487846e-01 -6.717500882202828150e-01 -6.729712536462042483e-01 -6.744160994701269285e-01 -6.759785586781978939e-01 -6.775821257000241848e-01 -6.791727922847814458e-01 -6.807124645180521183e-01 -6.821740238848412741e-01 -6.835379042160287799e-01 -6.847897858754515843e-01 -6.859190513919258825e-01 -6.869177459733255553e-01 -6.877798712255325242e-01 -6.885009003418660622e-01 -6.890774426029326882e-01 -6.895070105581548869e-01 -6.897878597038537007e-01 -6.899188811954795053e-01 -6.898995353113640538e-01 -6.897298184233665586e-01 -6.894102600527800551e-01 -6.889419498591110580e-01 -6.883265976673668129e-01 -6.875666334304906258e-01 -6.866653590131081009e-01 -6.856271708129192399e-01 -6.844578829475123083e-01 -6.831651973074250872e-01 -6.817593928241626466e-01 -6.802543473657327588e-01 -6.786690694283422642e-01 -6.770300108251182669e-01 -6.753745515066263971e-01 -6.737561334040729211e-01 -6.722513229737709928e-01 -6.709678527994786812e-01 -6.700488658500937111e-01 -6.696613152054072815e-01 -6.699535456143997925e-01 -6.709904149586110034e-01 -6.727173772689000186e-01 -6.749920611804657300e-01 -6.776488254108714582e-01 -6.805432694244419878e-01
-6.778802630566904686e-01 -6.805492187480386423e-01 -6.833431889365257916e-01 -6.861837431319921521e-01 -6.890158722468184838e-01 -6.918008772521402339e-01 -6.945111652950354264e-01 -6.971267061922714614e-01 -6.996326758101585330e-01 -7.020178916587467288e-01 -7.042737654936226388e-01 -7.063935926224924611e-01 -7.083720622080524887e-01 -7.102049144684492443e-01 -7.118886969947818555e-01 -7.134205890247672377e-01 -7.147982730777666660e-01 -7.160198401485934339e-01 -7.170837190824060903e-01 -7.179886236785392173e-01 -7.187335130359167046e-01 -7.193175619950175070e-01 -7.197401394662168439e-01 -7.200007931007305073e-01 -7.200992392498267725e-01 -7.200353575326837730e-01 -7.198091896368082887e-01 -7.194209422401964815e-01 -7.188709941985188534e-01 -7.181599084088658991e-01 -7.172884490711681771e-01 -7.162576054529081748e-01 -7.150686237661640909e-01 -7.137230494518159718e-01 -7.122227831263642228e-01 -7.105701548227725262e-01 -7.087680231637046857e-01 -7.068199090809725860e-01 -7.047301781715833435e-01 -7.025042926084035244e-01 -7.001491640607343525e-01 -6.976736554901084020e-01 -6.950893053393283338e-01 -6.924113874870223562e-01 -6.896604806586075220e-01 -6.868648059865185562e-01 -6.840636891389884067e-01 -6.813125387467644511e-01 -6.786894366127792511e-01 -6.763020746241691361e-01 -6.742900152994663054e-01 -6.728109864704397980e-01 -6.719992766660427552e-01 -6.719073039263897540e-01 -6.724768136708595412e-01 -6.735699560829659926e-01 -6.750279922129918120e-01 -6.767118700811982634e-01 -6.785149745661772647e-01 -6.803603847133272708e-01 -6.821937714651606921e-01 -6.839767777017201622e-01 -6.856820535926366755e-01 -6.872898170920306304e-01 -6.887855374340472459e-01 -6.901583832236095617e-01 -6.914001769001030251e-01 -6.925046828540735167e-01 -6.934671167534617320e-01 -6.942838033565902345e-01 -6.949519356437421358e-01 -6.954694044746655424e-01 -6.958346785483792152e-01 -6.960467213695479272e-01 -6.961049365800542343e-01 -6.960091362646756430e-01 -6.957595292524818564e-01 -6.953567284027535322e-01 -6.948017776868370410e-01 -6.940962018283348689e-01 -6.932420836446516743e-01 -6.922421774352657264e-01 -6.911000713577217791e-01 -6.898204186049924358e-01 -6.884092677563722340e-01 -6.868745391880564100e-01 -6.852267205253789184e-01 -6.834798953810645727e-01 -6.816532838210995759e-01 -6.797735678616749766e-01 -6.778783965877314133e-01 -6.760215527891172416e-01 -6.742800649171039051e-01 -6.727623051363813556e-01 -6.716122351713176286e-01 -6.709975867896821322e-01 -6.710668466884619487e-01 -6.718837592886733878e-01 -6.733916582930016270e-01 -6.754461213246855111e-01
-6.736183181753796489e-01 -6.754501092951944452e-01 -6.776588673766560378e-01 -6.800995534802358744e-01 -6.826625221798637844e-01 -6.852696086187743951e-01 -6.878660837149461749e-01 -6.904135092067201773e-01 -6.928845264318966857e-01 -6.952593145937649988e-01 -6.975232383444527340e-01 -6.996652877188762609e-01 -7.016770345659741892e-01 -7.035519250962942728e-01 -7.052847929298244889e-01 -7.068715186717247079e-01 -7.083087883543606189e-01 -7.095939196884885058e-01 -7.107247356199068999e-01 -7.116994714729321103e-01 -7.125167063858524052e-01 -7.131753126735375092e-01 -7.136744187280518181e-01 -7.140133824279810693e-01 -7.141917729880685739e-01 -7.142093598840265622e-01 -7.140661080283232653e-01 -7.137621788191097494e-01 -7.132979370880562220e-01 -7.126739643787646239e-01 -7.118910794405979292e-01 -7.109503673759439701e-01 -7.098532196002071970e-01 -7.086013877601203825e-01 -7.071970561499090202e-01 -7.056429391839104115e-01 -7.039424134671207200e-01 -7.020996984854247502e-01 -7.001201067657181198e-01 -6.980103948938822800e-01 -6.957792631943519046e-01 -6.934380775538068198e-01 -6.910019268110162427e-01 -6.884911896965443256e-01 -6.859338709525319988e-01 -6.833690656199626901e-01 -6.808519496907662338e-01 -6.784604074770650417e-01 -6.763020594738693436e-01 -6.745167032995196266e-01 -6.732628557273739878e-01 -6.726762426517602922e-01 -6.728109662190816520e-01 -6.736099525144767508e-01 -6.749356715923966465e-01 -6.766291063983532750e-01 -6.785507307275034927e-01 -6.805934771482109458e-01 -6.826800512147346289e-01 -6.847558212408830780e-01 -6.867821773251379103e-01 -6.887315486835102751e-01 -6.905839513826548259e-01 -6.923246631214785562e-01 -6.939426651677090829e-01 -6.954295921185924545e-01 -6.967790160236000396e-01 -6.979859519240440013e-01 -6.990465117190183264e-01 -6.999576588803192445e-01 -7.007170329204593928e-01 -7.013228230509006567e-01 -7.017736773192184696e-01 -7.020686380454228548e-01 -7.022070974441591007e-01 -7.021887694631131493e-01 -7.020136754414717517e-01 -7.016821424353310022e-01 -7.011948141464483530e-01 -7.005526754746809193e-01 -6.997570929413020613e-01 -6.988098747755898676e-01 -6.977133565598726550e-01 -6.964705213414775775e-01 -6.950851675901889015e-01 -6.935621451771669665e-01 -6.919076900798062368e-01 -6.901299050507700983e-01 -6.882394596719805246e-01 -6.862506246646505881e-01 -6.841828198666364269e-01 -6.820629507047729634e-01 -6.799289299770092665e-01 -6.778348692114422036e-01 -6.758582223318534421e-01 -6.741079048219250636e-01 -6.727284848155273833e-01 -6.718880982188797368e-01 -6.717349031482252597e-01 -6.723312154116020123e-01
-6.719576012247118202e-01 -6.723326678071543938e-01 -6.733972460950320427e-01 -6.750039778144399927e-01 -6.769847254140811676e-01 -6.791945543637423199e-01 -6.815241192819180283e-01 -6.838955844556801056e-01 -6.862545218881348497e-01 -6.885627560128450009e-01 -6.907931570466319116e-01 -6.929261067653885720e-01 -6.949471529577890827e-01 -6.968454549069590387e-01 -6.986127441972441732e-01 -7.002426207769854027e-01 -7.017300689475008957e-01 -7.030711195336581953e-01 -7.042626107526022139e-01 -7.053020168690955494e-01 -7.061873242626570679e-01 -7.069169413132965207e-01 -7.074896329446725973e-01 -7.079044736135887694e-01 -7.081608145430269285e-01 -7.082582624046793729e-01 -7.081966676875033340e-01 -7.079761217907153403e-01 -7.075969625601596924e-01 -7.070597886313573222e-01 -7.063654836301673789e-01 -7.055152520982557185e-01 -7.045106700643699593e-01 -7.033537546237034199e-01 -7.020470589396803351e-01 -7.005938020865438709e-01 -6.989980476432571255e-01 -6.972649517806850383e-01 -6.954011121162257947e-01 -6.934150650126473803e-01 -6.913180046593336847e-01 -6.891248372088292218e-01 -6.868557438629491196e-01 -6.845385127310337214e-01 -6.822119995832574002e-01 -6.799311195709022426e-01 -6.777734911846344801e-01 -6.758465220112384042e-01 -6.742899930762413785e-01 -6.732628510978102554e-01 -6.729019127218428542e-01 -6.732628510978099223e-01 -6.742899930762423777e-01 -6.758465220112394034e-01 -6.777734911846343691e-01 -6.799311195709025757e-01 -6.822119995832588435e-01 -6.845385127310334994e-01 -6.868557438629484535e-01 -6.891248372088288887e-01 -6.913180046593340178e-01 -6.934150650126482684e-01 -6.954011121162257947e-01 -6.972649517806854824e-01 -6.989980476432575696e-01 -7.005938020865433158e-01 -7.020470589396804462e-01 -7.033537546237039750e-01 -7.045106700643700703e-01 -7.055152520982559405e-01 -7.063654836301679341e-01 -7.070597886313575442e-01 -7.075969625601583601e-01 -7.079761217907161175e-01 -7.081966676875021127e-01 -7.082582624046810382e-01 -7.081608145430265955e-01 -7.079044736135874372e-01 -7.074896329446728194e-01 -7.069169413132959656e-01 -7.061873242626568459e-01 -7.053020168690945502e-01 -7.042626107526025470e-01 -7.030711195336576402e-01 -7.017300689475010067e-01 -7.002426207769834043e-01 -6.986127441972435070e-01 -6.968454549069573734e-01 -6.949471529577876394e-01 -6.929261067653876838e-01 -6.907931570466312454e-01 -6.885627560128460001e-01 -6.862545218881337394e-01 -6.838955844556805497e-01 -6.815241192819174731e-01 -6.791945543637420979e-01 -6.769847254140803905e-01 -6.750039778144407698e-01 -6.733972460950312655e-01 -6.723326678071542828e-01
-6.736183181753799820e-01 -6.723312154116004580e-01 -6.717349031482261479e-01 -6.718880982188797368e-01 -6.727284848155277164e-01 -6.741079048219253966e-01 -6.758582223318525539e-01 -6.778348692114424257e-01 -6.799289299770088224e-01 -6.820629507047741846e-01 -6.841828198666369820e-01 -6.862506246646505881e-01 -6.882394596719801916e-01 -6.901299050507703203e-01 -6.919076900798061258e-01 -6.935621451771671886e-01 -6.950851675901883464e-01 -6.964705213414786877e-01 -6.977133565598737652e-01 -6.988098747755888684e-01 -6.997570929413020613e-01 -7.005526754746805862e-01 -7.011948141464481310e-01 -7.016821424353315573e-01 -7.020136754414701974e-01 -7.021887694631131493e-01 -7.022070974441596558e-01 -7.020686380454219666e-01 -7.017736773192183586e-01 -7.013228230508997685e-01 -7.007170329204602810e-01 -6.999576588803195776e-01 -6.990465117190166611e-01 -6.979859519240452226e-01 -6.967790160235992625e-01 -6.954295921185923435e-01 -6.939426651677096380e-01 -6.923246631214802216e-01 -6.905839513826557141e-01 -6.887315486835114964e-01 -6.867821773251366890e-01 -6.847558212408824119e-01 -6.826800512147332967e-01 -6.805934771482101686e-01 -6.785507307275030486e-01 -6.766291063983530529e-01 -6.749356715923956473e-01 -6.736099525144770839e-01 -6.728109662190823181e-01 -6.726762426517601812e-01 -6.732628557273736547e-01 -6.745167032995218470e-01 -6.763020594738692326e-01 -6.784604074770651527e-01 -6.808519496907673441e-01 -6.833690656199633562e-01 -6.859338709525316657e-01 -6.884911896965447697e-01 -6.910019268110173529e-01 -6.934380775538048214e-01 -6.957792631943520156e-01 -6.980103948938820579e-01 -7.001201067657186750e-01 -7.020996984854237510e-01 -7.039424134671208311e-01 -7.056429391839108556e-01 -7.071970561499091312e-01 -7.086013877601207156e-01 -7.098532196002065309e-01 -7.109503673759447473e-01 -7.118910794405981513e-01 -7.126739643787640688e-01 -7.132979370880557779e-01 -7.137621788191091943e-01 -7.140661080283228213e-01 -7.142093598840258961e-01 -7.141917729880681298e-01 -7.140133824279812913e-01 -7.136744187280522622e-01 -7.131753126735385084e-01 -7.125167063858524052e-01 -7.116994714729322213e-01 -7.107247356199063448e-01 -7.095939196884900602e-01 -7.083087883543607299e-01 -7.068715186717242638e-01 -7.052847929298250440e-01 -7.035519250962947169e-01 -7.016770345659743002e-01 -6.996652877188758168e-01 -6.975232383444525119e-01 -6.952593145937646657e-01 -6.928845264318971298e-01 -6.904135092067199553e-01 -6.878660837149462859e-01 -6.852696086187749502e-01 -6.826625221798627852e-01 -6.800995534802360964e-01 -6.776588673766579252e-01 -6.754501092951932240e-01
-6.778802630566899134e-01 -6.754461213246858442e-01 -6.733916582930025152e-01 -6.718837592886740540e-01 -6.710668466884620598e-01 -6.709975867896820212e-01 -6.716122351713154082e-01 -6.727623051363823548e-01 -6.742800649171033500e-01 -6.760215527891183518e-01 -6.778783965877303030e-01 -6.797735678616756427e-01 -6.816532838210992429e-01 -6.834798953810659050e-01 -6.852267205253783633e-01 -6.868745391880561879e-01 -6.884092677563706797e-01 -6.898204186049925468e-01 -6.911000713577221122e-01 -6.922421774352656154e-01 -6.932420836446520074e-01 -6.940962018283349799e-01 -6.948017776868379292e-01 -6.953567284027540873e-01 -6.957595292524818564e-01 -6.960091362646766422e-01 -6.961049365800540123e-01 -6.960467213695475941e-01 -6.958346785483801034e-01 -6.954694044746666526e-01 -6.949519356437429130e-01 -6.942838033565912337e-01 -6.934671167534610658e-01 -6.925046828540726285e-01 -6.914001769001020259e-01 -6.901583832236098948e-01 -6.887855374340459136e-01 -6.872898170920301864e-01 -6.856820535926365645e-01 -6.839767777017198291e-01 -6.821937714651611362e-01 -6.803603847133271598e-01 -6.785149745661758214e-01 -6.767118700811982634e-01 -6.750279922129918120e-01 -6.735699560829671029e-01 -6.724768136708599853e-01 -6.719073039263884217e-01 -6.719992766660422001e-01 -6.728109864704402421e-01 -6.742900152994667495e-01 -6.763020746241688030e-01 -6.786894366127782519e-01 -6.813125387467637850e-01 -6.840636891389894059e-01 -6.868648059865186672e-01 -6.896604806586076331e-01 -6.924113874870229113e-01 -6.950893053393272236e-01 -6.976736554901074028e-01 -7.001491640607347966e-01 -7.025042926084045236e-01 -7.047301781715822333e-01 -7.068199090809714757e-01 -7.087680231637043526e-01 -7.105701548227728592e-01 -7.122227831263640008e-01 -7.137230494518165269e-01 -7.150686237661636468e-01 -7.162576054529089520e-01 -7.172884490711678440e-01 -7.181599084088652329e-01 -7.188709941985188534e-01 -7.194209422401969256e-01 -7.198091896368078446e-01 -7.200353575326841060e-01 -7.200992392498259953e-01 -7.200007931007305073e-01 -7.197401394662190643e-01 -7.193175619950171740e-01 -7.187335130359182589e-01 -7.179886236785389952e-01 -7.170837190824062013e-01 -7.160198401485929898e-01 -7.147982730777654448e-01 -7.134205890247676818e-01 -7.118886969947837429e-01 -7.102049144684492443e-01 -7.083720622080531548e-01 -7.063935926224930162e-01 -7.042737654936234160e-01 -7.020178916587459517e-01 -6.996326758101580889e-01 -6.971267061922697961e-01 -6.945111652950349823e-01 -6.918008772521395677e-01 -6.890158722468173735e-01 -6.861837431319922631e-01 -6.833431889365259027e-01 -6.805492187480388644e-01
-6.835656020780032094e-01 -6.805432694244407665e-01 -6.776488254108711251e-01 -6.749920611804657300e-01 -6.727173772689006848e-01 -6.709904149586115585e-01 -6.699535456144002366e-01 -6.696613152054076146e-01 -6.700488658500937111e-01 -6.709678527994812347e-01 -6.722513229737725471e-01 -6.737561334040729211e-01 -6.753745515066271743e-01 -6.770300108251171567e-01 -6.786690694283437075e-01 -6.802543473657338691e-01 -6.817593928241620915e-01 -6.831651973074253092e-01 -6.844578829475131965e-01 -6.856271708129189069e-01 -6.866653590131085449e-01 -6.875666334304909588e-01 -6.883265976673657027e-01 -6.889419498591117241e-01 -6.894102600527793889e-01 -6.897298184233665586e-01 -6.898995353113651641e-01 -6.899188811954800604e-01 -6.897878597038530346e-01 -6.895070105581544428e-01 -6.890774426029326882e-01 -6.885009003418659512e-01 -6.877798712255327462e-01 -6.869177459733263325e-01 -6.859190513919261045e-01 -6.847897858754512512e-01 -6.835379042160277807e-01 -6.821740238848409410e-01 -6.807124645180514522e-01 -6.791727922847802246e-01 -6.775821257000239628e-01 -6.759785586781986710e-01 -6.744160994701271505e-01 -6.729712536462038042e-01 -6.717500882202835921e-01 -6.708909860938477854e-01 -6.705520821776491669e-01 -6.708711498043389287e-01 -6.719073586833926859e-01 -6.736100207244508642e-01 -6.758465837589925362e-01 -6.784604548456037998e-01 -6.813125665875214843e-01 -6.842953111606551175e-01 -6.873304893988452235e-01 -6.903624960015743994e-01 -6.933517874836984118e-01 -6.962699280561553961e-01 -6.990961361535870111e-01 -7.018149488185989604e-01 -7.044146515503164618e-01 -7.068862166582240425e-01 -7.092225771476297069e-01 -7.114181230415108637e-01 -7.134683467097651111e-01 -7.153695893506639703e-01 -7.171188571469623296e-01 -7.187136861433204293e-01 -7.201520417133733254e-01 -7.214322429580007912e-01 -7.225529053476751340e-01 -7.235128969237318852e-01 -7.243113047416360750e-01 -7.249474091896974670e-01 -7.254206644879396260e-01 -7.257306841556696586e-01 -7.258772305940250913e-01 -7.258602082026830438e-01 -7.256796596680101796e-01 -7.253357652444444303e-01 -7.248288450194100285e-01 -7.241593643195941565e-01 -7.233279425980142507e-01 -7.223353663541779435e-01 -7.211826069049687149e-01 -7.198708441707032391e-01 -7.184014981101904951e-01 -7.167762700903814732e-01 -7.149971974013767939e-01 -7.130667254634766028e-01 -7.109878042349883076e-01 -7.087640182548021750e-01 -7.063997641810696448e-01 -7.039004964830325450e-01 -7.012730725104393548e-01 -6.985262447745669290e-01 -6.956713745476473809e-01 -6.927234823565810995e-01 -6.897028151563204812e-01 -6.866372038802898148e-01
-6.899263304510160344e-01 -6.866296516452996546e-01 -6.833296421985822766e-01 -6.800817716519051981e-01 -6.769647559831650785e-01 -6.740881986573232787e-01 -6.715957398781313703e-01 -6.696513960676874211e-01 -6.683951910314194222e-01 -6.678795720623093013e-01 -6.680389299679796444e-01 -6.687255182667858344e-01 -6.697734969154857110e-01 -6.710407201832051527e-01 -6.724201731450536457e-01 -6.738357829174154157e-01 -6.752344646090659985e-01 -6.765791229916707783e-01 -6.778435581123832820e-01 -6.790090040626947099e-01 -6.800618313126904901e-01 -6.809920259947911392e-01 -6.817921775832467279e-01 -6.824567994429817652e-01 -6.829818700282914712e-01 -6.833645234652585554e-01 -6.836028444211909028e-01 -6.836957390603410900e-01 -6.836428651473452911e-01 -6.834446123461505040e-01 -6.831021300567556853e-01 -6.826174059123608640e-01 -6.819934043763088427e-01 -6.812342828957007601e-01 -6.803457143316433697e-01 -6.793353611536151471e-01 -6.782135725557119077e-01 -6.769944151651043907e-01 -6.756972076157977680e-01 -6.743488133733640533e-01 -6.729870440246570329e-01 -6.716655661612391803e-01 -6.704604340083821779e-01 -6.694770885709964148e-01 -6.688530795679973329e-01 -6.687456454568283526e-01 -6.692920947766074491e-01 -6.705522022637744328e-01 -6.724769746561567452e-01 -6.749358283251313262e-01 -6.777736247279559922e-01 -6.808520549014689394e-01 -6.840637646751175360e-01 -6.873305316559881195e-01 -6.905966001314565172e-01 -6.938222279963746075e-01 -6.969787698466316517e-01 -7.000452395468946820e-01 -7.030059806343225137e-01 -7.058490976319821142e-01 -7.085653938847770172e-01 -7.111476441309541041e-01 -7.135900892520594674e-01 -7.158880800084409524e-01 -7.180378220003243994e-01 -7.200361904062780871e-01 -7.218805935440559818e-01 -7.235688711056589284e-01 -7.250992173837089716e-01 -7.264701227729486455e-01 -7.276803288283023585e-01 -7.287287935252354520e-01 -7.296146643131090626e-01 -7.303372572169639643e-01 -7.308960407184309505e-01 -7.312906234926789262e-01 -7.315207453363332668e-01 -7.315862708189618813e-01 -7.314871853482638464e-01 -7.312235934704638396e-01 -7.307957193444020172e-01 -7.302039094396146623e-01 -7.294486376242760306e-01 -7.285305129376890010e-01 -7.274502904952253601e-01 -7.262088861652354899e-01 -7.248073959072371952e-01 -7.232471209959379088e-01 -7.215296008164281405e-01 -7.196566555618211236e-01 -7.176304420856088884e-01 -7.154535274946852708e-01 -7.131289870298856970e-01 -7.106605357058431993e-01 -7.080527076084019988e-01 -7.053111035388014427e-01 -7.024427382457293367e-01 -6.994565350530381753e-01 -6.963640418550623989e-01 -6.931804836593178365e-01
-6.965885674340486222e-01 -6.931715208539745987e-01 -6.896862862937478411e-01 -6.861611663890879731e-01 -6.826355746705404792e-01 -6.791651350469812831e-01 -6.758285481761497904e-01 -6.727350322939940064e-01 -6.700271704608719014e-01 -6.678670174240212143e-01 -6.663920534889007374e-01 -6.656527610501438152e-01 -6.655831917068182335e-01 -6.660366288836543358e-01 -6.668486278335137296e-01 -6.678781779925714313e-01 -6.690190411815524207e-01 -6.701956685093801713e-01 -6.713553596470185347e-01 -6.724613401816081915e-01 -6.734877120962390329e-01 -6.744160197051928263e-01 -6.752329706737681958e-01 -6.759289309752856134e-01 -6.764969285312846248e-01 -6.769319923286200025e-01 -6.772307168786566578e-01 -6.773909831090113576e-01 -6.774117936641070870e-01 -6.772931987197012837e-01 -6.770363016285680935e-01 -6.766433447333369822e-01 -6.761178867002446413e-01 -6.754650959133006172e-01 -6.746922024533238416e-01 -6.738091775777910186e-01 -6.728297494408020940e-01 -6.717729232662817962e-01 -6.706652575618180512e-01 -6.695442441311614257e-01 -6.684631777892386939e-01 -6.674976282641137404e-01 -6.667523518458037257e-01 -6.663639383154021933e-01 -6.664884813838649613e-01 -6.672624526213307705e-01 -6.687458727698536443e-01 -6.708913083005164646e-01 -6.735702868384136899e-01 -6.766294025673079693e-01 -6.799313665683076602e-01 -6.833692628747642939e-01 -6.868649569093333573e-01 -6.903626021383253430e-01 -6.938222859545263299e-01 -6.972151636270433883e-01 -7.005200452859183802e-01 -7.037210772546035331e-01 -7.068061776405748509e-01 -7.097659752392703192e-01 -7.125930816692370717e-01 -7.152815850212265181e-01 -7.178266922400445837e-01 -7.202244726780854256e-01 -7.224716714646964855e-01 -7.245655717747259139e-01 -7.265038918585648986e-01 -7.282847071463490751e-01 -7.299063906973175531e-01 -7.313675672573600739e-01 -7.326670775479611208e-01 -7.338039503507409744e-01 -7.347773806124896501e-01 -7.355867122661506885e-01 -7.362314248037122866e-01 -7.367111228879537066e-01 -7.370255284787188277e-01 -7.371744750952121672e-01 -7.371579039519334797e-01 -7.369758618025349373e-01 -7.366285004102348655e-01 -7.361160776419986007e-01 -7.354389602616935306e-01 -7.345976285805189132e-01 -7.335926832172398049e-01 -7.324248543334911377e-01 -7.310950138503545803e-01 -7.296041913350020947e-01 -7.279535944886985632e-01 -7.261446354973756234e-01 -7.241789649627202730e-01 -7.220585157745438298e-01 -7.197855602038059075e-01 -7.173627848277031038e-01 -7.147933898569243105e-01 -7.120812223568404598e-01 -7.092309572734606382e-01 -7.062483469490257182e-01 -7.031405703261407458e-01 -6.999167295218214901e-01
-7.033659793457739395e-01 -6.999064705104676154e-01 -6.963448213351467464e-01 -6.926966856707355014e-01 -6.889829855534821412e-01 -6.852322434816955354e-01 -6.814840556924751658e-01 -6.777941260142668067e-01 -6.742410043935060937e-01 -6.709333061313059732e-01 -6.680122651461670724e-01 -6.656377006927874929e-01 -6.639444857454842586e-01 -6.629814132962003059e-01 -6.626826695921760324e-01 -6.629029691938710389e-01 -6.634794817317831717e-01 -6.642724225077900613e-01 -6.651763710514716488e-01 -6.661163398151452864e-01 -6.670400664345471631e-01 -6.679111748331538756e-01 -6.687041755812428434e-01 -6.694010646589656499e-01 -6.699890711331801807e-01 -6.704591791963572245e-01 -6.708051638946637141e-01 -6.710229714833020331e-01 -6.711103390919600509e-01 -6.710665912880947603e-01 -6.708925809096741855e-01 -6.705907643172679400e-01 -6.701654217778633127e-01 -6.696230563145461057e-01 -6.689730336364592134e-01 -6.682285672897012585e-01 -6.674082134105764341e-01 -6.665381226382932622e-01 -6.656553914270761929e-01 -6.648128899053435958e-01 -6.640856657278128017e-01 -6.635777506123974323e-01 -6.634246914397257111e-01 -6.637812426309429581e-01 -6.647826861578757240e-01 -6.664888679080840372e-01 -6.688536513262526295e-01 -6.717507005169516265e-01 -6.750285629312128277e-01 -6.785512247887409698e-01 -6.822124095660407894e-01 -6.859342022812612294e-01 -6.896607422686200639e-01 -6.933519864685957490e-01 -6.969789085714452881e-01 -7.005201199426352998e-01 -7.039595678060361905e-01 -7.072849786818147244e-01 -7.104868004738236209e-01 -7.135574754032959488e-01 -7.164909332625041261e-01 -7.192822328305944479e-01 -7.219273042173225408e-01 -7.244227609495803577e-01 -7.267657609717258493e-01 -7.289539024648800103e-01 -7.309851448161661658e-01 -7.328577480127637100e-01 -7.345702257194429707e-01 -7.361213086522829796e-01 -7.375099157981583886e-01 -7.387351316863233208e-01 -7.397961883853411136e-01 -7.406924512353654233e-01 -7.414234075724706052e-01 -7.419886578857358694e-01 -7.423879089876763704e-01 -7.426209688877739579e-01 -7.426877431463929646e-01 -7.425882325591750543e-01 -7.423225320852157028e-01 -7.418908309900844600e-01 -7.412934142304421492e-01 -7.405306651640837234e-01 -7.396030697311530844e-01 -7.385112223230942963e-01 -7.372558336405090618e-01 -7.358377409465961527e-01 -7.342579212578094205e-01 -7.325175081910983987e-01 -7.306178134259936341e-01 -7.285603540661936828e-01 -7.263468876394655327e-01 -7.239794571149708036e-01 -7.214604492333256403e-01 -7.187926707734967335e-01 -7.159794493348085043e-01 -7.130247681251906666e-01 -7.099334486492142604e-01 -7.067114019299634009e-01
-7.101596189251996316e-01 -7.066999274000248521e-01 -7.031188460005776131e-01 -6.994258606361429820e-01 -6.956331269720411603e-01 -6.917565178606571719e-01 -6.878171734408063953e-01 -6.838438118274839939e-01 -6.798761591305163554e-01 -6.759699005629731250e-01 -6.722032707710758892e-01 -6.686840409112644323e-01 -6.655518136648572725e-01 -6.629639838542508157e-01 -6.610529261576691962e-01 -6.598662067166461975e-01 -6.593387095378183682e-01 -6.593269539963132475e-01 -6.596698713460044106e-01 -6.602289415137194695e-01 -6.608995911178108251e-01 -6.616074574950082665e-01 -6.623008277290453050e-01 -6.629438894608310484e-01 -6.635117888928566687e-01 -6.639872755905236179e-01 -6.643584975537394355e-01 -6.646175810990722077e-01 -6.647597433410833423e-01 -6.647827784881433777e-01 -6.646868270662943390e-01 -6.644743872058597178e-01 -6.641505683815072114e-01 -6.637236289190709959e-01 -6.632058872983473963e-01 -6.626151617712291442e-01 -6.619769780295334805e-01 -6.613278792148656882e-01 -6.607202046211514412e-01 -6.602284199147275823e-01 -6.599558053916761979e-01 -6.600368301527759218e-01 -6.606247753584896243e-01 -6.618533950800158383e-01 -6.637818495701136579e-01 -6.663648660122538647e-01 -6.694781158679311561e-01 -6.729722434363692996e-01 -6.767127544913181802e-01 -6.805942331386495292e-01 -6.845391417290004332e-01 -6.884917040076810046e-01 -6.924118020860714484e-01 -6.962702558662640095e-01 -7.000454888207297000e-01 -7.037212501980221191e-01 -7.072850708199479586e-01 -7.107272111300678707e-01 -7.140399366124134950e-01 -7.172170116590804723e-01 -7.202533406101128133e-01 -7.231447092172954560e-01 -7.258875956158180598e-01 -7.284790301243173616e-01 -7.309164898612278138e-01 -7.331978185533969405e-01 -7.353211648350826968e-01 -7.372849343059528771e-01 -7.390877519625480563e-01 -7.407284325485524734e-01 -7.422059570215653324e-01 -7.435194537971421269e-01 -7.446681837641032642e-01 -7.456515283083604562e-01 -7.464689797630019719e-01 -7.471201338384875212e-01 -7.476046836918821548e-01 -7.479224153767223271e-01 -7.480732044823290572e-01 -7.480570138276192438e-01 -7.478738921232457315e-01 -7.475239735602192681e-01 -7.470074783250578720e-01 -7.463247140832763860e-01 -7.454760785164129544e-01 -7.444620630456384447e-01 -7.432832579292610875e-01 -7.419403589864318471e-01 -7.404341762790324077e-01 -7.387656451850308503e-01 -7.369358404279838792e-01 -7.349459938020050931e-01 -7.327975165673156210e-01 -7.304920278154296565e-01 -7.280313905543380759e-01 -7.254177579014101651e-01 -7.226536326843566727e-01 -7.197419450738287150e-01 -7.166861548164111806e-01 -7.134903875336257029e-01
-7.169129790377199996e-01 -7.134777639676345151e-01 -7.099093644926782742e-01 -7.062140364173421503e-01 -7.023995042776364217e-01 -6.984754585884191957e-01 -6.944542693496226216e-01 -6.903520256505569774e-01 -6.861900697841145647e-01 -6.819972771423022939e-01 -6.778134291762102359e-01 -6.736940633286203628e-01 -6.697168973849747520e-01 -6.659885876066737875e-01 -6.626468367085054378e-01 -6.598465367626533684e-01 -6.577179028310474740e-01 -6.563079982760042785e-01 -6.555531145648102465e-01 -6.553119424279796323e-01 -6.554252490385247265e-01 -6.557557693264313148e-01 -6.561998182859342110e-01 -6.566837968493702826e-01 -6.571567890945222423e-01 -6.575839127200996392e-01 -6.579414561937713124e-01 -6.582136081580496345e-01 -6.583903609893402287e-01 -6.584662408797166133e-01 -6.584396351190501262e-01 -6.583125913206789859e-01 -6.580910490381838285e-01 -6.577855422094420756e-01 -6.574124937329597351e-01 -6.569963197142703049e-01 -6.565726610423788800e-01 -6.561930923242854652e-01 -6.559313685543869399e-01 -6.558899825430182240e-01 -6.562023346446007599e-01 -6.570201579258081459e-01 -6.584753316009007706e-01 -6.606256727514778770e-01 -6.634260981571575844e-01 -6.667539511681891407e-01 -6.704620168988620899e-01 -6.744175520861368511e-01 -6.785162486711168173e-01 -6.826811374795300758e-01 -6.868566532521910295e-01 -6.910026789287311288e-01 -6.950899214695359651e-01 -6.990966351990606231e-01 -7.030063767951812981e-01 -7.068064791406818426e-01 -7.104870089322555815e-01 -7.140400468261155487e-01 -7.174591833012020636e-01 -7.207391601635261269e-01 -7.238756116289409848e-01 -7.268648744619807811e-01 -7.297038467185451571e-01 -7.323898812126924396e-01 -7.349207041607742630e-01 -7.372943523464267068e-01 -7.395091241011287897e-01 -7.415635407289746794e-01 -7.434563159273419597e-01 -7.451863314018223328e-01 -7.467526173323369987e-01 -7.481543366768508285e-01 -7.493907725387862762e-01 -7.504613180014034768e-01 -7.513654679653297697e-01 -7.521028126270982161e-01 -7.526730323159654956e-01 -7.530758934698796869e-01 -7.533112455837236432e-01 -7.533790190072628956e-01 -7.532792235091463340e-01 -7.530119475583418875e-01 -7.525773583077186579e-01 -7.519757022965291027e-01 -7.512073069214935117e-01 -7.502725827605055686e-01 -7.491720268707664498e-01 -7.479062272259912048e-01 -7.464758685075800759e-01 -7.448817395260322050e-01 -7.431247426251851307e-01 -7.412059055201434266e-01 -7.391263961482845701e-01 -7.368875412844847483e-01 -7.344908499048304895e-01 -7.319380426040923426e-01 -7.292310888203856756e-01 -7.263722542538799676e-01 -7.233641617733087559e-01 -7.202098704185585509e-01
-7.235915493174213120e-01 -7.201961588378595902e-01 -7.166598368296845933e-01 -7.129870206334232297e-01 -7.091830241689162095e-01 -7.052542917838023895e-01 -7.012087496513882412e-01 -6.970563002332142988e-01 -6.928095294820336703e-01 -6.884847339163657765e-01 -6.841034312863538691e-01 -6.796945981877197118e-01 -6.752979693987443133e-01 -6.709687661546384074e-01 -6.667839393499365164e-01 -6.628487187167303452e-01 -6.592986506901580279e-01 -6.562861876560234231e-01 -6.539400389368907884e-01 -6.523078816730299989e-01 -6.513283894943558971e-01 -6.508628443282870046e-01 -6.507538728030940467e-01 -6.508654387386421103e-01 -6.510948729498822196e-01 -6.513696872359154844e-01 -6.516403539880859519e-01 -6.518737941878830489e-01 -6.520486685695555673e-01 -6.521523190523553781e-01 -6.521789821852407298e-01 -6.521289800858129926e-01 -6.520087393097256934e-01 -6.518316335234530801e-01 -6.516197867115026687e-01 -6.514071020008308510e-01 -6.512438278978555095e-01 -6.512026834615808335e-01 -6.513852573579471672e-01 -6.519239015550480909e-01 -6.529687592694173315e-01 -6.546494158272671005e-01 -6.570214253146212657e-01 -6.600388555548075686e-01 -6.635801011304149899e-01 -6.675000051783094301e-01 -6.716677959856549585e-01 -6.759805579872038006e-01 -6.803621262520070934e-01 -6.847573094927085213e-01 -6.891260927067054398e-01 -6.934391272803349660e-01 -6.976745271106152835e-01 -7.018156672436631771e-01 -7.058496829919446158e-01 -7.097664417286895233e-01 -7.135578306772694113e-01 -7.172172565933951915e-01 -7.207392888655136387e-01 -7.241194009108574692e-01 -7.273537798971946300e-01 -7.304391846643828456e-01 -7.333728381599678992e-01 -7.361523449587910051e-01 -7.387756272811022429e-01 -7.412408748478629406e-01 -7.435465052291542198e-01 -7.456911322541901477e-01 -7.476735406909941206e-01 -7.494926658570828515e-01 -7.511475771477397201e-01 -7.526374647043539978e-01 -7.539616286190596872e-01 -7.551194702014464299e-01 -7.561104849316122589e-01 -7.569342568001322658e-01 -7.575904537959916585e-01 -7.580788243528041592e-01 -7.583991946048409538e-01 -7.585514663399186563e-01 -7.585356155678215639e-01 -7.583516916518467932e-01 -7.579998169782332651e-01 -7.574801871646748008e-01 -7.567930718352264829e-01 -7.559388160157294312e-01 -7.549178422321408677e-01 -7.537306534245796774e-01 -7.523778368243367876e-01 -7.508600689805634554e-01 -7.491781221708205818e-01 -7.473328724878283147e-01 -7.453253099684973293e-01 -7.431565512265086992e-01 -7.408278551755935748e-01 -7.383406425995269196e-01 -7.356965205550713982e-01 -7.328973129119407126e-01 -7.299450987779908528e-01 -7.268422611860657634e-01
-7.301729751397830759e-01 -7.268275212733661395e-01 -7.233357299000121587e-01 -7.197009434305653430e-01 -7.159270685669972822e-01 -7.120187159904911578e-01 -7.079813870127777964e-01 -7.038217268222710654e-01 -6.995478736333378134e-01 -6.951699480301837264e-01 -6.907007500876246597e-01 -6.861567678471648390e-01 -6.815596549547491279e-01 -6.769384113999750152e-01 -6.723325886265013596e-01 -6.677968719474587367e-01 -6.634071287963059227e-01 -6.592667880077278664e-01 -6.555089841935498596e-01 -6.522839708925401991e-01 -6.497200599354295836e-01 -6.478672987369581415e-01 -6.466682377213548438e-01 -6.459873853749262818e-01 -6.456692969705863927e-01 -6.455792501076917933e-01 -6.456160408582665156e-01 -6.457092451225083796e-01 -6.458122779168827821e-01 -6.458961792714182915e-01 -6.459453418048394235e-01 -6.459551271590880939e-01 -6.459311181921456591e-01 -6.458898892675781767e-01 -6.458613719311334656e-01 -6.458929989863325671e-01 -6.460555476443120559e-01 -6.464492765854518153e-01 -6.472053932950716515e-01 -6.484723396935515582e-01 -6.503767504799604637e-01 -6.529704884118304742e-01 -6.562051373882517025e-01 -6.599591091610708116e-01 -6.640890633883739236e-01 -6.684664224034259083e-01 -6.729900070575441928e-01 -6.775847548315448998e-01 -6.821960594852238824e-01 -6.867841418226573458e-01 -6.913196753985297871e-01 -6.957806743971690633e-01 -7.001503496981718033e-01 -7.044156424663780003e-01 -7.085662160498318318e-01 -7.125937551466133835e-01 -7.164914716411610041e-01 -7.202537507546791229e-01 -7.238758936558389312e-01 -7.273539273190300358e-01 -7.306844619565694421e-01 -7.338645826109509995e-01 -7.368917656416527073e-01 -7.397638136221594829e-01 -7.424788040492983354e-01 -7.450350485614940510e-01 -7.474310602614264720e-01 -7.496655273690560062e-01 -7.517372918783342683e-01 -7.536453322113585429e-01 -7.553887490959327877e-01 -7.569667540624804847e-01 -7.583786600825812574e-01 -7.596238739664999962e-01 -7.607018902101860824e-01 -7.616122860395929672e-01 -7.623547174463997100e-01 -7.629289160475150045e-01 -7.633346866335526393e-01 -7.635719053004021983e-01 -7.636405180840523110e-01 -7.635405400434178702e-01 -7.632720547588709437e-01 -7.628352142367655908e-01 -7.622302392323571096e-01 -7.614574200257138159e-01 -7.605171177078966505e-01 -7.594097660584214760e-01 -7.581358741202066653e-01 -7.566960296060085689e-01 -7.550909033018664562e-01 -7.533212546698255796e-01 -7.513879388967806827e-01 -7.492919156916697521e-01 -7.470342602040621616e-01 -7.446161765296164248e-01 -7.420390143909812997e-01 -7.393042897486707954e-01 -7.364137103237669013e-01 -7.333692073284394652e-01
-7.366420159308235682e-01 -7.333534994490300551e-01 -7.299146726490270964e-01 -7.263281772382514934e-01 -7.225970436255160223e-01 -7.187247736307751378e-01 -7.147154474275975167e-01 -7.105738636866477664e-01 -7.063057259034537516e-01 -7.019178939599405309e-01 -6.974187292403575267e-01 -6.928185759212796002e-01 -6.881304432052297582e-01 -6.833709874066625778e-01 -6.785619441626826731e-01 -6.737322332965718363e-01 -6.689210427940648351e-01 -6.641822339003126130e-01 -6.595901777435236868e-01 -6.552460223543358220e-01 -6.512801987346350518e-01 -6.478412190758709999e-01 -6.450588038562418136e-01 -6.429882751565458854e-01 -6.415786702686075982e-01 -6.406990298631289882e-01 -6.401963035362968624e-01 -6.399377497762995803e-01 -6.398252073953961672e-01 -6.397932078961083846e-01 -6.398027339721311657e-01 -6.398359757985258023e-01 -6.398935911072468619e-01 -6.399946713058392023e-01 -6.401793465938302452e-01 -6.405136647744983369e-01 -6.410950319132606712e-01 -6.420528286569071597e-01 -6.435332522660166532e-01 -6.456586351384114852e-01 -6.484746412729525122e-01 -6.519276665389704961e-01 -6.558944694337736081e-01 -6.602330928776207752e-01 -6.648174150218818523e-01 -6.695484385657811677e-01 -6.743525932456987393e-01 -6.791761339049773305e-01 -6.839796920560594629e-01 -6.887340654423914632e-01 -6.934172226569752517e-01 -6.980122346123093235e-01 -7.025058544970648189e-01 -7.068875373385644645e-01 -7.111487552591891914e-01 -7.152825123753863146e-01 -7.192829957862968415e-01 -7.231453204966117321e-01 -7.268653400833350320e-01 -7.304395040467824840e-01 -7.338647488011327269e-01 -7.371384132622571528e-01 -7.402581726846523269e-01 -7.432219862342386296e-01 -7.460280550477438322e-01 -7.486747884099496098e-01 -7.511607762996996840e-01 -7.534847669957805971e-01 -7.556456487494946916e-01 -7.576424347590340336e-01 -7.594742508475946785e-01 -7.611403253701032323e-01 -7.626399809655300954e-01 -7.639726278414549210e-01 -7.651377583318466069e-01 -7.661349425119353684e-01 -7.669638246893822897e-01 -7.676241206208060941e-01 -7.681156153288912769e-01 -7.684381614189392806e-01 -7.685916778157695362e-01 -7.685761488628095606e-01 -7.683916237453785048e-01 -7.680382162200787288e-01 -7.675161046515579510e-01 -7.668255323776620447e-01 -7.659668084430780732e-01 -7.649403087616934993e-01 -7.637464777878816280e-01 -7.623858307982742666e-01 -7.608589569081839477e-01 -7.591665229720108155e-01 -7.573092785456576603e-01 -7.552880621228538205e-01 -7.531038088990843482e-01 -7.507575603692225874e-01 -7.482504761331462140e-01 -7.455838483733008282e-01 -7.427591195886930064e-01 -7.397779043332733950e-01
-7.429878085290142486e-01 -7.397612905350651191e-01 -7.363814121013338987e-01 -7.328503413135690758e-01 -7.291705301618707225e-01 -7.253447670546802062e-01 -7.213762427500662877e-01 -7.172686340616386547e-01 -7.130262114560204090e-01 -7.086539792360210255e-01 -7.041578608260299355e-01 -6.995449474163006887e-01 -6.948238369445984830e-01 -6.900051037733975212e-01 -6.851019600553440725e-01 -6.801312014939894235e-01 -6.751145779427573101e-01 -6.700807969534118280e-01 -6.650684494120209234e-01 -6.601301913551548273e-01 -6.553383383077661106e-01 -6.507910868136403959e-01 -6.466157376662282630e-01 -6.429597572818003259e-01 -6.399572363347820758e-01 -6.376739830031061818e-01 -6.360708239839782951e-01 -6.350247438393291644e-01 -6.343872850523211149e-01 -6.340307963876177233e-01 -6.338659678442311041e-01 -6.338422149800042593e-01 -6.339438335283827941e-01 -6.341880636856570552e-01 -6.346264815325104447e-01 -6.353479477134733600e-01 -6.364768862567340424e-01 -6.381549123687033642e-01 -6.404965808206360967e-01 -6.435362709798890801e-01 -6.472103484909378368e-01 -6.513911979672191155e-01 -6.559376071520433005e-01 -6.607263077651061023e-01 -6.656611145886741632e-01 -6.706704804084565597e-01 -6.757018863709641776e-01 -6.807166006889914245e-01 -6.856856743480631566e-01 -6.905870973952492609e-01 -6.954038300031623043e-01 -7.001224443350242410e-01 -7.047321813928868472e-01 -7.092242882017382177e-01 -7.135915452736411035e-01 -7.178279245211890425e-01 -7.219283377304950289e-01 -7.258884487685028919e-01 -7.297045312839519626e-01 -7.333733593472976375e-01 -7.368921222807728322e-01 -7.402583575068035771e-01 -7.434698970085806824e-01 -7.465248242200734907e-01 -7.494214390195856890e-01 -7.521582291069588422e-01 -7.547338464768172939e-01 -7.571470880109549828e-01 -7.593968794380637766e-01 -7.614822620729850833e-01 -7.634023818681635598e-01 -7.651564803992727537e-01 -7.667438874739640475e-01 -7.681640151037198994e-01 -7.694163526187470792e-01 -7.705004627377696202e-01 -7.714159784313290302e-01 -7.721626004403325805e-01 -7.727400953324353727e-01 -7.731482939982163849e-01 -7.733870905078467084e-01 -7.734564412670300593e-01 -7.733563644290492034e-01 -7.730869395375931097e-01 -7.726483073928240852e-01 -7.720406701508802927e-01 -7.712642916846093044e-01 -7.703194982508563271e-01 -7.692066795271250701e-01 -7.679262900979851869e-01 -7.664788514895013449e-01 -7.648649548685877431e-01 -7.630852645442441906e-01 -7.611405224297349559e-01 -7.590315536507075134e-01 -7.567592735152003369e-01 -7.543246961003913231e-01 -7.517289447608234143e-01 -7.489732649285589794e-01 -7.460590396632963417e-01
-7.492023037351658310e-01 -7.460415841463097220e-01 -7.427250753524881066e-01 -7.392546093568986842e-01 -7.356322359632432306e-01 -7.318602583520049665e-01 -7.279412766349983022e-01 -7.238782416416321697e-01 -7.196745220114739716e-01 -7.153339888332670427e-01 -7.108611237423425600e-01 -7.062611588145498720e-01 -7.015402601593854204e-01 -6.967057724174369193e-01 -6.917665493495508411e-01 -6.867334078453471990e-01 -6.816197612642038717e-01 -6.764425164545534441e-01 -6.712233616251449542e-01 -6.659906337467591531e-01 -6.607820315406979228e-01 -6.556484991585316280e-01 -6.506595066838134489e-01 -6.459092653522550131e-01 -6.415211289025802843e-01 -6.376423646663788025e-01 -6.344164732015543651e-01 -6.319303313097568431e-01 -6.301695882558960848e-01 -6.290301935191044969e-01 -6.283780919085788508e-01 -6.281045354442488238e-01 -6.281521309306635770e-01 -6.285212202783303503e-01 -6.292688748389264619e-01 -6.305005411786694935e-01 -6.323431135269723669e-01 -6.348923264381565179e-01 -6.381588617511343431e-01 -6.420592825949076321e-01 -6.464570111380675277e-01 -6.512108329888892655e-01 -6.562011141832974070e-01 -6.613354637415060910e-01 -6.665451114872864569e-01 -6.717792514102687296e-01 -6.770000734410057674e-01 -6.821790356680279555e-01 -6.872942238841348583e-01 -6.923285155862177742e-01 -6.972683040881623162e-01 -7.021026046804712539e-01 -7.068224207101966305e-01 -7.114202875821542538e-01 -7.158899398241957979e-01 -7.202260643349449598e-01 -7.244241147889849408e-01 -7.284801700292884430e-01 -7.323908245256360861e-01 -7.361531025235341641e-01 -7.397643899308722348e-01 -7.432223796648306235e-01 -7.465250273522935354e-01 -7.496705151040924386e-01 -7.526572216727573927e-01 -7.554836977268131193e-01 -7.581486452807842946e-01 -7.606509005425629022e-01 -7.629894196022347641e-01 -7.651632665055368987e-01 -7.671716033427868897e-01 -7.690136820491063618e-01 -7.706888376604709157e-01 -7.721964828071168352e-01 -7.735361032549710192e-01 -7.747072543290633995e-01 -7.757095580728989859e-01 -7.765427010153957976e-01 -7.772064324333773921e-01 -7.777005630136317738e-01 -7.780249638341700802e-01 -7.781795656003643868e-01 -7.781643580876292932e-01 -7.779793897588287432e-01 -7.776247675409979632e-01 -7.771006567626131956e-01 -7.764072812691601433e-01 -7.755449237509990379e-01 -7.745139263335835134e-01 -7.733146914956968709e-01 -7.719476833967358065e-01 -7.704134297091702610e-01 -7.687125240676231375e-01 -7.668456292617208403e-01 -7.648134813169472634e-01 -7.626168946270377447e-01 -7.602567683242491547e-01 -7.577340941023755772e-01 -7.550499657437085288e-01 -7.522055906492022270e-01
-7.552793322630813044e-01 -7.521873599408970268e-01 -7.489376052793238481e-01 -7.455316513810807955e-01 -7.419712552653023874e-01 -7.382583734131953346e-01 -7.343951924105672768e-01 -7.303841659277946485e-01 -7.262280596887019657e-01 -7.219300066464369170e-01 -7.174935753715455666e-01 -7.129228557607304451e-01 -7.082225677358359173e-01 -7.033982008358735660e-01 -6.984561958358550537e-01 -6.934041842560058067e-01 -6.882513086269090863e-01 -6.830086568482817144e-01 -6.776898597581872963e-01 -6.723119248575820661e-01 -6.668964148170268835e-01 -6.614711312191292603e-01 -6.560725332359449435e-01 -6.507491925240044273e-01 -6.455665850016217844e-01 -6.406131923833489061e-01 -6.360065350903609804e-01 -6.318940761546305573e-01 -6.284378173555179581e-01 -6.257717932407108608e-01 -6.239489053032137855e-01 -6.229309864986722900e-01 -6.226454120490193533e-01 -6.230558768337547404e-01 -6.241902002176513697e-01 -6.261108137870112778e-01 -6.288478598908454620e-01 -6.323483656958841514e-01 -6.364853160375535390e-01 -6.411050342446178441e-01 -6.460660502325185073e-01 -6.512541782637515375e-01 -6.565824900696525246e-01 -6.619860947188773714e-01 -6.674165351408422042e-01 -6.728372584512929411e-01 -6.782202893213051809e-01 -6.835438711510570808e-01 -6.887908088047987043e-01 -6.939473007376109059e-01 -6.990021085843823867e-01 -7.039459596703875333e-01 -7.087711114318441252e-01 -7.134710295237828293e-01 -7.180401466723250747e-01 -7.224736795627533237e-01 -7.267674879460065407e-01 -7.309179648268382401e-01 -7.349219498085433067e-01 -7.387766598968992238e-01 -7.424796336280082842e-01 -7.460286854911587495e-01 -7.494218684091331628e-01 -7.526574426088381564e-01 -7.557338496293009023e-01 -7.586496905164006321e-01 -7.614037074751037748e-01 -7.639947684125036886e-01 -7.664218539245375439e-01 -7.686840463668370704e-01 -7.707805207148690219e-01 -7.727105369658893164e-01 -7.744734338707435217e-01 -7.760686238100062972e-01 -7.774955886497050273e-01 -7.787538764286767723e-01 -7.798430987439298745e-01 -7.807629287135640084e-01 -7.815130994095861316e-01 -7.820934026656618521e-01 -7.825036881782492237e-01 -7.827438628333230897e-01 -7.828138902054643244e-01 -7.827137901911757067e-01 -7.824436387537999638e-01 -7.820035677731413948e-01 -7.813937650088141895e-01 -7.806144742018658045e-01 -7.796659953545654886e-01 -7.785486852428775695e-01 -7.772629582303095530e-01 -7.758092874650788229e-01 -7.741882065553714609e-01 -7.724003118297665393e-01 -7.704462653021239005e-01 -7.683267984730557387e-01 -7.660427171141532821e-01 -7.635949071975688396e-01 -7.609843421541391262e-01 -7.582120916695416213e-01
-7.612140244916010268e-01 -7.581931546266513777e-01 -7.550128259590185298e-01 -7.516744302897027108e-01 -7.481795028082408594e-01 -7.445297413777108853e-01 -7.407270293131192895e-01 -7.367734623805003435e-01 -7.326713809654716858e-01 -7.284234086589108648e-01 -7.240324989120477950e-01 -7.195019919631273631e-01 -7.148356849896502219e-01 -7.100379194746386791e-01 -7.051136912106243937e-01 -7.000687903715354654e-01 -6.949099819124375799e-01 -6.896452405795350238e-01 -6.842840605728162107e-01 -6.788378681993486596e-01 -6.733205778417578058e-01 -6.677493488734158600e-01 -6.621456259657684251e-01 -6.565365802173266374e-01 -6.509571163113422321e-01 -6.454526727813733045e-01 -6.400831169929399600e-01 -6.349281245070418356e-01 -6.300945776948121413e-01 -6.257269505243454599e-01 -6.220228412689303710e-01 -6.192552177079965192e-01 -6.177743981771758319e-01 -6.178697876095280428e-01 -6.195055557782328526e-01 -6.223654517389545227e-01 -6.261181848700776431e-01 -6.305118278525494446e-01 -6.353609766775770717e-01 -6.405271514874316674e-01 -6.459062122946584994e-01 -6.514196424875886571e-01 -6.570079844487274334e-01 -6.626258640164693903e-01 -6.682382890692414312e-01 -6.738179414642415654e-01 -6.793432132610107699e-01 -6.847967854189351833e-01 -6.901645959707758404e-01 -6.954350861802858219e-01 -7.005986451387907765e-01 -7.056471965843604810e-01 -7.105738883016016194e-01 -7.153728560834352601e-01 -7.200390423520800498e-01 -7.245680552083274550e-01 -7.289560576589606544e-01 -7.331996795832927960e-01 -7.372959469996227533e-01 -7.412422246261585190e-01 -7.450361687669119215e-01 -7.486756883072248625e-01 -7.521589121560777746e-01 -7.554841618793411984e-01 -7.586499285692391847e-01 -7.616548532184379550e-01 -7.644977100324992225e-01 -7.671773922371618593e-01 -7.696929000270000820e-01 -7.720433303684950399e-01 -7.742278684189320970e-01 -7.762457803576516824e-01 -7.780964074519762796e-01 -7.797791611989175475e-01 -7.812935193981291881e-01 -7.826390230231214939e-01 -7.838152737676705728e-01 -7.848219321536646920e-01 -7.856587160963532934e-01 -7.863253998327953687e-01 -7.868218131305296792e-01 -7.871478407053514870e-01 -7.873034217901263565e-01 -7.872885498104833513e-01 -7.871032721377970720e-01 -7.867476899050389605e-01 -7.862219578863381964e-01 -7.855262844564268043e-01 -7.846609316609524098e-01 -7.836262154431316018e-01 -7.824225060856278002e-01 -7.810502289391910713e-01 -7.795098655211365468e-01 -7.778019550774073476e-01 -7.759270967115829976e-01 -7.738859521935790298e-01 -7.716792495698931997e-01 -7.693077877071617943e-01 -7.667724419122631252e-01 -7.640741707866568477e-01
-7.670024374405157719e-01 -7.640545984884876685e-01 -7.609458620720609412e-01 -7.576774682089679747e-01 -7.542507781578826620e-01 -7.506672895896823183e-01 -7.469286543168117687e-01 -7.430366990346278788e-01 -7.389934496574248612e-01 -7.348011600042730906e-01 -7.304623458191187302e-01 -7.259798254152443064e-01 -7.213567686412702962e-01 -7.165967564100740317e-01 -7.117038537617096372e-01 -7.066827004133134915e-01 -7.015386240753673786e-01 -6.962777836094290462e-01 -6.909073515352714967e-01 -6.854357486825018997e-01 -6.798729481878202918e-01 -6.742308718472488360e-01 -6.685239092503931779e-01 -6.627695990475851451e-01 -6.569895212129115425e-01 -6.512104566342292733e-01 -6.454658704333666730e-01 -6.397977617411156892e-01 -6.342589073799675958e-01 -6.289156521592172977e-01 -6.238525435544045594e-01 -6.191878898136469189e-01 -6.151739153029369689e-01 -6.131348389535208332e-01 -6.154477772790638568e-01 -6.195176518635310270e-01 -6.242064169418694020e-01 -6.292863824861354427e-01 -6.346439894049730190e-01 -6.401962029864108894e-01 -6.458772448782676978e-01 -6.516345196708605014e-01 -6.574260307677169957e-01 -6.632182313449548339e-01 -6.689842222322144316e-01 -6.747022932094783876e-01 -6.803547760254090582e-01 -6.859271583687892582e-01 -6.914074054602645791e-01 -6.967854420177447272e-01 -7.020527561160616603e-01 -7.072020949798220046e-01 -7.122272299446912314e-01 -7.171227735098454348e-01 -7.218840357450662104e-01 -7.265069105683120698e-01 -7.309877848244715759e-01 -7.353234648830153652e-01 -7.395111167950583209e-01 -7.435482170313854056e-01 -7.474325115531770258e-01 -7.511619815125764044e-01 -7.547348142887519984e-01 -7.581493788720976568e-01 -7.614042048398756979e-01 -7.644979643399328895e-01 -7.674294566288040187e-01 -7.701975948072183886e-01 -7.728013944673126634e-01 -7.752399640179861162e-01 -7.775124964923665338e-01 -7.796182626681864569e-01 -7.815566053506155519e-01 -7.833269346803583000e-01 -7.849287243395296487e-01 -7.863615085350699196e-01 -7.876248796458515944e-01 -7.887184864259240147e-01 -7.896420326629173259e-01 -7.903952761983729092e-01 -7.909780282256178019e-01 -7.913901527910233158e-01 -7.916315664359713233e-01 -7.917022379295920453e-01 -7.916021880561213697e-01 -7.913314894350509388e-01 -7.908902663672856548e-01 -7.902786947154215591e-01 -7.894970018411244794e-01 -7.885454666367681664e-01 -7.874244197020112690e-01 -7.861342437283201923e-01 -7.846753741656563585e-01 -7.830483002554039507e-01 -7.812535665222346548e-01 -7.792917748250355325e-01 -7.771635870736646190e-01 -7.748697287245733811e-01 -7.724109931746692137e-01 -7.697882471806216653e-01
-7.726413075929317031e-01 -7.697681127508468890e-01 -7.667327656401421443e-01 -7.635363825557481832e-01 -7.601801843635360711e-01 -7.566655088295329845e-01 -7.529938249360199620e-01 -7.491667494853170295e-01 -7.451860663731495471e-01 -7.410537490217119494e-01 -7.367719866065973733e-01 -7.323432149017851112e-01 -7.277701528175619661e-01 -7.230558460365265061e-01 -7.182037195882717828e-01 -7.132176417788680389e-01 -7.081020026530601141e-01 -7.028618111772834132e-01 -6.975028166710078859e-01 -6.920316617856611119e-01 -6.864560766572366246e-01 -6.807851268716679227e-01 -6.750295316797387812e-01 -6.692020734501614720e-01 -6.633181242782311138e-01 -6.573963198060364110e-01 -6.514594108827373997e-01 -6.455353150830787090e-01 -6.396583631299312955e-01 -6.338706830100576672e-01 -6.282236279850254013e-01 -6.227795258812005574e-01 -6.176183630309788342e-01 -6.129372099913144023e-01 -6.131709357391836868e-01 -6.178978963452076423e-01 -6.230813188492476673e-01 -6.285447590739539070e-01 -6.342098688425614750e-01 -6.400148028068292083e-01 -6.459083970148329357e-01 -6.518485780732443668e-01 -6.578009960186913530e-01 -6.637376731881717840e-01 -6.696357775292233194e-01 -6.754765830502912349e-01 -6.812446253536633689e-01 -6.869270320724768508e-01 -6.925129987353902949e-01 -6.979933807170407567e-01 -7.033603757934790979e-01 -7.086072765771077586e-01 -7.137282765507164672e-01 -7.187183171527060654e-01 -7.235729663392117539e-01 -7.282883213521693655e-01 -7.328609301802003761e-01 -7.372877275308028500e-01 -7.415659821381360706e-01 -7.456932529906062923e-01 -7.496673526371091523e-01 -7.534863161664563380e-01 -7.571483747851784907e-01 -7.606519331702220610e-01 -7.639955499638451109e-01 -7.671779209225129126e-01 -7.701978643403626368e-01 -7.730543084489640560e-01 -7.757462805551400553e-01 -7.782728977216977206e-01 -7.806333588270273349e-01 -7.828269378605734463e-01 -7.848529783255799863e-01 -7.867108886298272985e-01 -7.884001383512289074e-01 -7.899202552694144508e-01 -7.912708230577865098e-01 -7.924514795342353368e-01 -7.934619153728590391e-01 -7.943018731844548874e-01 -7.949711468805193970e-01 -7.954695812438359326e-01 -7.957970716389115573e-01 -7.959535638068906405e-01 -7.959390537024482182e-01 -7.957535873439193219e-01 -7.953972606622663477e-01 -7.948702193494253665e-01 -7.941726587211039856e-01 -7.933048236235151762e-01 -7.922670084270544422e-01 -7.910595571624217115e-01 -7.896828638659487698e-01 -7.881373732106469188e-01 -7.864235815076981995e-01 -7.845420381699259593e-01 -7.824933477340840771e-01 -7.802781725432583748e-01 -7.778972361942853020e-01 -7.753513278590322688e-01
-7.781278826288600126e-01 -7.753307062382519543e-01 -7.723702686799834849e-01 -7.692475830765682643e-01 -7.659637541754923395e-01 -7.625199886183677833e-01 -7.589176068313825407e-01 -7.551580567483832107e-01 -7.512429296321365690e-01 -7.471739783330449969e-01 -7.429531384231636837e-01 -7.385825527745418784e-01 -7.340646003240730577e-01 -7.294019299954120905e-01 -7.245975010498966196e-01 -7.196546315371922242e-01 -7.145770570466475347e-01 -7.093690026694080553e-01 -7.040352720368335815e-01 -6.985813585988742691e-01 -6.930135860873848364e-01 -6.873392875836652482e-01 -6.815670361013725920e-01 -6.757069446379582178e-01 -6.697710611877232267e-01 -6.637738961307187990e-01 -6.577331399608892237e-01 -6.516706693920731874e-01 -6.456140310877772626e-01 -6.395988379256967171e-01 -6.336732985155477671e-01 -6.279091313583873291e-01 -6.224379268449334868e-01 -6.176317306353986680e-01 -6.152170413055229048e-01 -6.178162038804385636e-01 -6.226793992821235690e-01 -6.281813784420277047e-01 -6.339697891300484223e-01 -6.399169485897749921e-01 -6.459522659757100937e-01 -6.520279305198215525e-01 -6.581084708390780857e-01 -6.641663727068087830e-01 -6.701797399612363648e-01 -6.761308368617560127e-01 -6.820050953217571266e-01 -6.877904045605763850e-01 -6.934765880306520414e-01 -6.990550110346362978e-01 -7.045182823304387831e-01 -7.098600246213232490e-01 -7.150746962005061214e-01 -7.201574509693813297e-01 -7.251040274876207059e-01 -7.299106601565654717e-01 -7.345740074000373099e-01 -7.390910929937831719e-01 -7.434592576434460032e-01 -7.476761186164688766e-01 -7.517395357613774198e-01 -7.556475826458560752e-01 -7.593985218461518638e-01 -7.629907836487515027e-01 -7.664229475988373341e-01 -7.696937264613712415e-01 -7.728019522595503954e-01 -7.757465641291939606e-01 -7.785265977817323879e-01 -7.811411764073968866e-01 -7.835895028774144677e-01 -7.858708531221991755e-01 -7.879845705741725936e-01 -7.899300615707083306e-01 -7.917067916164036712e-01 -7.933142824059793430e-01 -7.947521095100749111e-01 -7.960199006277910438e-01 -7.971173343118688193e-01 -7.980441390757248010e-01 -7.988000927967475739e-01 -7.993850223368632602e-01 -7.997988033099832084e-01 -8.000413599361697603e-01 -8.001126649341077091e-01 -8.000127394164362471e-01 -7.997416527663925301e-01 -7.992995224886969563e-01 -7.986865140421851583e-01 -7.979028406760189096e-01 -7.969487633051642872e-01 -7.958245904734871923e-01 -7.945306784643797471e-01 -7.930674316288693904e-01 -7.914353030094440911e-01 -7.896347953446237744e-01 -7.876664625440864542e-01 -7.855309117279416498e-01 -7.832288059259299162e-01 -7.807608675341963789e-01
-7.834598040663602880e-01 -7.807398352176263545e-01 -7.778556148129782688e-01 -7.748080682720187573e-01 -7.715982023230286702e-01 -7.682271137107719028e-01 -7.646959992801298789e-01 -7.610061675923076585e-01 -7.571590522684511493e-01 -7.531562273087069048e-01 -7.489994247072716549e-01 -7.446905547816743409e-01 -7.402317297651271888e-01 -7.356252913845683361e-01 -7.308738433787530520e-01 -7.259802902210110709e-01 -7.209478837297829124e-01 -7.157802798207486550e-01 -7.104816084431679890e-01 -7.050565608517487259e-01 -6.995104999564241144e-01 -6.938496018327855452e-01 -6.880810400262151738e-01 -6.822132298754859381e-01 -6.762561593114816416e-01 -6.702218487117401757e-01 -6.641250125584985398e-01 -6.579840568075217000e-01 -6.518226818397478972e-01 -6.456726963382537487e-01 -6.395795790618444832e-01 -6.336152917337251056e-01 -6.279139181463216923e-01 -6.227941236803393732e-01 -6.192215888481238384e-01 -6.193015691734927719e-01 -6.229719305801485474e-01 -6.281391352908874959e-01 -6.338722341077269729e-01 -6.398625579312402500e-01 -6.459789483298378210e-01 -6.521504672121605228e-01 -6.583320380539944283e-01 -6.644920123074938845e-01 -6.706067420582015881e-01 -6.766578214365753796e-01 -6.826305093208103747e-01 -6.885127450912410518e-01 -6.942944942379539741e-01 -6.999672927987399262e-01 -7.055239192376991930e-01 -7.109581518701691971e-01 -7.162645857457999865e-01 -7.214384919700127519e-01 -7.264757079503904036e-01 -7.313725505565327190e-01 -7.361257464945223372e-01 -7.407323757715138512e-01 -7.451898252249232746e-01 -7.494957498736078971e-01 -7.536480404157419599e-01 -7.576447956147558394e-01 -7.614842986241158185e-01 -7.651649965330711289e-01 -7.686854825894120502e-01 -7.720444806859344533e-01 -7.752408317950643113e-01 -7.782734821089243304e-01 -7.811414726948480158e-01 -7.838439305146205349e-01 -7.863800606815893879e-01 -7.887491398471691006e-01 -7.909505106185821255e-01 -7.929835769154667258e-01 -7.948478001751495547e-01 -7.965426963169743857e-01 -7.980678333754390730e-01 -7.994228297116960924e-01 -8.006073527131090106e-01 -8.016211178922759695e-01 -8.024638883001641299e-01 -8.031354741730666325e-01 -8.036357327401382200e-01 -8.039645681271438971e-01 -8.041219313026737314e-01 -8.041078200251920993e-01 -8.039222787624332733e-01 -8.035653985688209211e-01 -8.030373169208073758e-01 -8.023382175245659109e-01 -8.014683301242513380e-01 -8.004279303522159328e-01 -7.992173396744185476e-01 -7.978369254947307310e-01 -7.962871014905835709e-01 -7.945683282593332120e-01 -7.926811143598982978e-01 -7.906260178375125180e-01 -7.884036483214420521e-01 -7.860146697861087883e-01
-7.886350235892980454e-01 -7.859933045362461623e-01 -7.831864418117443494e-01 -7.802152850599120004e-01 -7.770807568423614420e-01 -7.737838601147948303e-01 -7.703256869060908230e-01 -7.667074283221357867e-01 -7.629303860241825053e-01 -7.589959853715937399e-01 -7.549057904746262482e-01 -7.506615214797230928e-01 -7.462650745135729347e-01 -7.417185448528110792e-01 -7.370242540753972893e-01 -7.321847822066731570e-01 -7.272030062245813387e-01 -7.220821467756173284e-01 -7.168258256393720274e-01 -7.114381374655974755e-01 -7.059237407587369839e-01 -7.002879752786403955e-01 -6.945370164511113220e-01 -6.886780829273313476e-01 -6.827197227976901095e-01 -6.766722205671281687e-01 -6.705481980905678707e-01 -6.643635446526883204e-01 -6.581389440417638736e-01 -6.519025742456666661e-01 -6.456953382167119893e-01 -6.395821949919119342e-01 -6.336801626024710643e-01 -6.282380161154775822e-01 -6.238803749398520448e-01 -6.220663419875734901e-01 -6.239942972632656071e-01 -6.284175914005200037e-01 -6.339000050082176374e-01 -6.398325800169102351e-01 -6.459718946271537643e-01 -6.522028272967045348e-01 -6.584611689259942668e-01 -6.647063343741160812e-01 -6.709102789520720034e-01 -6.770523651545403698e-01 -6.831167059728868729e-01 -6.890906587406260275e-01 -6.949639061184739175e-01 -7.007278614512517656e-01 -7.063752656036841326e-01 -7.118999031853203707e-01 -7.172963966272168923e-01 -7.225600529131477323e-01 -7.276867470000301097e-01 -7.326728314355359650e-01 -7.375150650651134399e-01 -7.422105558911288314e-01 -7.467567145839257847e-01 -7.511512161225279982e-01 -7.553919677241248687e-01 -7.594770817059262047e-01 -7.634048522728913433e-01 -7.671737354811329901e-01 -7.707823318159126025e-01 -7.742293709636036692e-01 -7.775136984609574142e-01 -7.806342639819199292e-01 -7.835901110779359691e-01 -7.863803682275437579e-01 -7.890042410783437710e-01 -7.914610057823128209e-01 -7.937500033361025720e-01 -7.958706348433826072e-01 -7.978223576181999732e-01 -7.996046820477800132e-01 -8.012171691317634403e-01 -8.026594286130540601e-01 -8.039311176143997262e-01 -8.050319396947558381e-01 -8.059616442412295134e-01 -8.067200261157907448e-01 -8.073069254815612439e-01 -8.077222277408400153e-01 -8.079658635266346867e-01 -8.080378087002577647e-01 -8.079380843202452755e-01 -8.076667565611014288e-01 -8.072239365745527140e-01 -8.066097803002091338e-01 -8.058244882464618009e-01 -8.048683052759715295e-01 -8.037415204421738402e-01 -8.024444669343102632e-01 -8.009775221977633031e-01 -7.993411083038196585e-01 -7.975356926486634190e-01 -7.955617890649977486e-01 -7.934199594315777260e-01 -7.911108158664881262e-01
-7.936517421810649342e-01 -7.910891964080187799e-01 -7.883606978530279807e-01 -7.854670297716983551e-01 -7.824090414033533225e-01 -7.791876544436339147e-01 -7.758038705907147614e-01 -7.722587802647493671e-01 -7.685535726206313978e-01 -7.646895470049415167e-01 -7.606681260521623855e-01 -7.564908706773182390e-01 -7.521594973077160295e-01 -7.476758978132430622e-01 -7.430421627543730700e-01 -7.382606087855408949e-01 -7.333338113540640579e-01 -7.282646442579657764e-01 -7.230563282290610738e-01 -7.177124915831931684e-01 -7.122372472817652955e-01 -7.066352927367985925e-01 -7.009120418200764924e-01 -6.950738036262598118e-01 -6.891280311370212575e-01 -6.830836780769889982e-01 -6.769517302122606273e-01 -6.707460317625395518e-01 -6.644846400138645359e-01 -6.581921896108463566e-01 -6.519043403375577306e-01 -6.456769207084145368e-01 -6.396067557408496862e-01 -6.338845820790249830e-01 -6.289395963716806204e-01 -6.257651320253011518e-01 -6.258183764219222844e-01 -6.290738464369433069e-01 -6.340687944084347771e-01 -6.398263847087933831e-01 -6.459255436820305896e-01 -6.521785963854664914e-01 -6.584899291692180023e-01 -6.648042303506279671e-01 -6.710860686929749352e-01 -6.773109061696278577e-01 -6.834607168238686636e-01 -6.895216536846524580e-01 -6.954827100477410928e-01 -7.013349017857217760e-01 -7.070707411666221631e-01 -7.126838831851256550e-01 -7.181688789913305282e-01 -7.235209985657471421e-01 -7.287360997352051450e-01 -7.338105291177796641e-01 -7.387410456177001539e-01 -7.435247601873055112e-01 -7.481590875428152376e-01 -7.526417068117866593e-01 -7.569705289593851028e-01 -7.611436694397138991e-01 -7.651594249397721814e-01 -7.690162533848925452e-01 -7.727127565928257891e-01 -7.762476651230936220e-01 -7.796198249852609452e-01 -7.828281859552197464e-01 -7.858717913108035358e-01 -7.887497688420216368e-01 -7.914613230217744100e-01 -7.940057282429272556e-01 -7.963823230396610553e-01 -7.985905052173303265e-01 -8.006297278171715659e-01 -8.024994958415369029e-01 -8.041993636633425480e-01 -8.057289330407081396e-01 -8.070878516555698434e-01 -8.082758120937234558e-01 -8.092925511839709207e-01 -8.101378496159969966e-01 -8.108115317607579309e-01 -8.113134656230367447e-01 -8.116435628641344158e-01 -8.118017788424339853e-01 -8.117881126311471407e-01 -8.116026069852600999e-01 -8.112453482432389062e-01 -8.107164661630720248e-01 -8.100161337061728695e-01 -8.091445667961456589e-01 -8.081020240921031883e-01 -8.068888068275528180e-01 -8.055052587757434157e-01 -8.039517664104914862e-01 -8.022287593375019288e-01 -8.003367110755494895e-01 -7.982761402690778940e-01 -7.960476124144119092e-01
-7.985083650202663419e-01 -7.960258181171633307e-01 -7.933765805902233126e-01 -7.905613768223724858e-01 -7.875809913834328491e-01 -7.844362746619071292e-01 -7.811281494692661198e-01 -7.776576187012634866e-01 -7.740257741561082927e-01 -7.702338066332096167e-01 -7.662830174717781828e-01 -7.621748317395182770e-01 -7.579108133530428892e-01 -7.534926825103102077e-01 -7.489223359516314904e-01 -7.442018707537505495e-01 -7.393336126232511463e-01 -7.343201500240669199e-01 -7.291643760010128039e-01 -7.238695403299290065e-01 -7.184393157706570054e-01 -7.128778839498833841e-01 -7.071900491515321630e-01 -7.013813927486581834e-01 -6.954584884789302146e-01 -6.894292117596833025e-01 -6.833031998077155889e-01 -6.770925641150861152e-01 -6.708130464871673304e-01 -6.644860001734527177e-01 -6.581420092298969626e-01 -6.518280125368279831e-01 -6.456225764509571086e-01 -6.396717896218274690e-01 -6.342801214778728269e-01 -6.301275835587151208e-01 -6.284824340427829226e-01 -6.302160871405840803e-01 -6.344290758509535388e-01 -6.398617872708854959e-01 -6.458445515398811843e-01 -6.520774644710325418e-01 -6.584162770806115672e-01 -6.647832036341578821e-01 -6.711316536648948006e-01 -6.774311991989591109e-01 -6.836605503260367867e-01 -6.898039809868738992e-01 -6.958493700699385220e-01 -7.017870571694948545e-01 -7.076091368135228876e-01 -7.133090023992931794e-01 -7.188810394746280030e-01 -7.243204122098503284e-01 -7.296229101925746363e-01 -7.347848355266598519e-01 -7.398029176076444946e-01 -7.446742473601869472e-01 -7.493962254493240494e-01 -7.539665207138323000e-01 -7.583830362072621067e-01 -7.626438809960296439e-01 -7.667473463883749396e-01 -7.706918856351197000e-01 -7.744760964042718410e-01 -7.780987055193535618e-01 -7.815585555875914636e-01 -7.848545932429270566e-01 -7.879858588003371134e-01 -7.909514771687100598e-01 -7.937506499050650532e-01 -7.963826483163483072e-01 -7.988468075297322502e-01 -8.011425214602736489e-01 -8.032692386080003688e-01 -8.052264586162906079e-01 -8.070137295213432038e-01 -8.086306456195117009e-01 -8.100768458762228619e-01 -8.113520127978670615e-01 -8.124558716870439179e-01 -8.133881902021968813e-01 -8.141487781451943739e-01 -8.147374874052423221e-01 -8.151542119940946574e-01 -8.153988881163670710e-01 -8.154714942290934854e-01 -8.153720510565636292e-01 -8.151006215393640231e-01 -8.146573107101315880e-01 -8.140422655022190312e-01 -8.132556745110615104e-01 -8.122977677408361741e-01 -8.111688163808050689e-01 -8.098691326661080492e-01 -8.083990698864880198e-01 -8.067590226131589048e-01 -8.049494272190336197e-01 -8.029707627702550310e-01 -8.008235523681672685e-01
-8.032034674768687710e-01 -8.008016629228946748e-01 -7.982324919975142263e-01 -7.954966263146048266e-01 -7.925947927881192845e-01 -7.895277785457033293e-01 -7.862964367311813252e-01 -7.829016932704194742e-01 -7.793445546861444972e-01 -7.756261170660808668e-01 -7.717475763173735626e-01 -7.677102398824290352e-01 -7.635155401511655171e-01 -7.591650498886051146e-01 -7.546605001133021018e-01 -7.500038010241223407e-01 -7.451970667992426911e-01 -7.402426454107821074e-01 -7.351431550560153516e-01 -7.299015294729411796e-01 -7.245210754000497300e-01 -7.190055469504891272e-01 -7.133592440306728566e-01 -7.075871457257102426e-01 -7.016950958609302624e-01 -6.956900687337940203e-01 -6.895805622234210119e-01 -6.833772011792325074e-01 -6.770937034862009041e-01 -6.707485038123228716e-01 -6.643676404298526350e-01 -6.579902315982598671e-01 -6.516796635799333437e-01 -6.455483769751630962e-01 -6.398170238610202398e-01 -6.349568792221492730e-01 -6.319347336257101766e-01 -6.319776852153307090e-01 -6.350698831092382868e-01 -6.399777689417623927e-01 -6.457445361054086064e-01 -6.519052071352423594e-01 -6.582418324179117874e-01 -6.646431162450666674e-01 -6.710461804910459183e-01 -6.774121383928114470e-01 -6.837150533924293283e-01 -6.899365274309050555e-01 -6.960628449659100880e-01 -7.020833650701439055e-01 -7.079895640912559074e-01 -7.137744373854298940e-01 -7.194321093980978743e-01 -7.249575700284345281e-01 -7.303464905112588834e-01 -7.355950910638162643e-01 -7.407000432253492139e-01 -7.456583960475069439e-01 -7.504675190540304186e-01 -7.551250572294235797e-01 -7.596288947961531424e-01 -7.639771255256486704e-01 -7.681680279917203480e-01 -7.722000446306240828e-01 -7.760717637907603716e-01 -7.797819041809614937e-01 -7.833293012884046114e-01 -7.867128954539799324e-01 -7.899317213768313195e-01 -7.929848988799730325e-01 -7.958716248106463276e-01 -7.985911659777513716e-01 -8.011428530466668807e-01 -8.035260753225774710e-01 -8.057402763580300276e-01 -8.077849503217339189e-01 -8.096596390637376128e-01 -8.113639298092855112e-01 -8.128974534101790494e-01 -8.142598830794881559e-01 -8.154509335332698061e-01 -8.164703604626788458e-01 -8.173179602609105254e-01 -8.179935699328650944e-01 -8.184970671207926207e-01 -8.188283701865779474e-01 -8.189874383006057190e-01 -8.189742714979286742e-01 -8.187889106746529810e-01 -8.184314375103087791e-01 -8.179019743153570499e-01 -8.172006838164520559e-01 -8.163277689048373809e-01 -8.152834723854447407e-01 -8.140680767749703950e-01 -8.126819042065833720e-01 -8.111253165062881632e-01 -8.093987155116595389e-01 -8.075025437071712275e-01 -8.054372852520748083e-01
-8.077357690615449837e-01 -8.054153803433238279e-01 -8.029270043215070984e-01 -8.002712648553559349e-01 -7.974488369609816774e-01 -7.944604511032586913e-01 -7.913068983042841342e-01 -7.879890361359307427e-01 -7.845077956721624446e-01 -7.808641894912358161e-01 -7.770593208410001562e-01 -7.730943941154724275e-01 -7.689707268409653462e-01 -7.646897634415348310e-01 -7.602530911532709990e-01 -7.556624585962165019e-01 -7.509197977079973274e-01 -7.460272500188486200e-01 -7.409871986420332179e-01 -7.358023079268042332e-01 -7.304755735701482511e-01 -7.250103872687688744e-01 -7.194106219856732931e-01 -7.136807470775634599e-01 -7.078259877262038646e-01 -7.018525519035903049e-01 -6.957679634839937233e-01 -6.895815681042670731e-01 -6.833053315273263095e-01 -6.769551561629363334e-01 -6.705531639935662369e-01 -6.641318906381582510e-01 -6.577425155718967797e-01 -6.514722384780484710e-01 -6.454837443236152161e-01 -6.401086084508383900e-01 -6.360426865926884776e-01 -6.344623737167430777e-01 -6.361183726400265748e-01 -6.402396832078325328e-01 -6.456544524347175296e-01 -6.516744936017945244e-01 -6.579720774873392131e-01 -6.643861779536163192e-01 -6.708303251016572988e-01 -6.772536717522865679e-01 -6.836238330697205212e-01 -6.899187491167249053e-01 -6.961225336944187880e-01 -7.022232127730740903e-01 -7.082114193671976698e-01 -7.140796016613875086e-01 -7.198215210770577688e-01 -7.254319216743664311e-01 -7.309063048797082018e-01 -7.362407712438566731e-01 -7.414319061781251552e-01 -7.464766953276933403e-01 -7.513724603961808857e-01 -7.561168093840322513e-01 -7.607075971823098470e-01 -7.651428937409103792e-01 -7.694209578747213119e-01 -7.735402153419610460e-01 -7.774992402219820242e-01 -7.812967388950994296e-01 -7.849315361220836618e-01 -7.884025628604975910e-01 -7.917088455550032045e-01 -7.948494967103068021e-01 -7.978237066056548255e-01 -8.006307360444827603e-01 -8.032699100555790173e-01 -8.057406124761727906e-01 -8.080422813545805605e-01 -8.101744051128492163e-01 -8.121365194091485495e-01 -8.139282046372342538e-01 -8.155490839969028460e-01 -8.169988220658745970e-01 -8.182771238009026726e-01 -8.193837338943235071e-01 -8.203184364124505024e-01 -8.210810546443055857e-01 -8.216714510931404369e-01 -8.220895275494557453e-01 -8.223352251920824640e-01 -8.224085246738045418e-01 -8.223094461589016690e-01 -8.220380492923817783e-01 -8.215944330933395712e-01 -8.209787357779676498e-01 -8.201911345306056589e-01 -8.192318452532161288e-01 -8.181011223349898831e-01 -8.167992584933969624e-01 -8.153265847461862448e-01 -8.136834705800309875e-01 -8.118703243859850538e-01 -8.098875942342576018e-01
-8.121041131640659438e-01 -8.098657532140488557e-01 -8.074588339914133828e-01 -8.048839357596707655e-01 -8.021416864128615432e-01 -7.992327652252561032e-01 -7.961579073525044681e-01 -7.929179091470099916e-01 -7.895136343560982262e-01 -7.859460212826003822e-01 -7.822160910060682593e-01 -7.783249567915536682e-01 -7.742738348550483041e-01 -7.700640567151877391e-01 -7.656970834460322672e-01 -7.611745222652412934e-01 -7.564981460596417184e-01 -7.516699166869427184e-01 -7.466920132301078095e-01 -7.415668668702856126e-01 -7.362972047650210294e-01 -7.308861064023538523e-01 -7.253370775678228410e-01 -7.196541496869648391e-01 -7.138420165563743591e-01 -7.079062275618490663e-01 -7.018534686833343139e-01 -6.956919843598378117e-01 -6.894322337158348413e-01 -6.830879531099353086e-01 -6.766779569340762857e-01 -6.702293530979961389e-01 -6.637836369937994974e-01 -6.574090390008002771e-01 -6.512273648227490108e-01 -6.454757438472071840e-01 -6.406452380629606980e-01 -6.376849954628297512e-01 -6.377223721063565165e-01 -6.407454383208390780e-01 -6.456208471439702778e-01 -6.514066700378873254e-01 -6.576170297681328547e-01 -6.640171774431918861e-01 -6.704863522568891288e-01 -6.769567957484285969e-01 -6.833872288956323038e-01 -6.897506385793129580e-01 -6.960282438170697361e-01 -7.022063093213765095e-01 -7.082743597186326179e-01 -7.142241252938117402e-01 -7.200488906365444253e-01 -7.257430758103982082e-01 -7.313019573411098095e-01 -7.367214763707484737e-01 -7.419981029080966461e-01 -7.471287372068863286e-01 -7.521106363347940249e-01 -7.569413582158799336e-01 -7.616187180375105781e-01 -7.661407535689850334e-01 -7.705056970172904363e-01 -7.747119517630122187e-01 -7.787580728071499259e-01 -7.826427500966782747e-01 -7.863647941333040681e-01 -7.899231234376378197e-01 -7.933167535607565934e-01 -7.965447874205990875e-01 -7.996064068011849990e-01 -8.025008648947885570e-01 -8.052274797957236219e-01 -8.077856288724788447e-01 -8.101747439554923824e-01 -8.123943072828163636e-01 -8.144438481468840862e-01 -8.163229401840199628e-01 -8.180311992454224468e-01 -8.195682817848517487e-01 -8.209338836951447504e-01 -8.221277395234232177e-01 -8.231496219941902837e-01 -8.239993417702368150e-01 -8.246767473842636642e-01 -8.251817252788911095e-01 -8.255141998994750541e-01 -8.256741337926669644e-01 -8.256615276737286901e-01 -8.254764204368554292e-01 -8.251188890948297772e-01 -8.245890486468958613e-01 -8.238870518861560743e-01 -8.230130891700252471e-01 -8.219673881883979849e-01 -8.207502137743701853e-01 -8.193618678109713116e-01 -8.178026892942075188e-01 -8.160730546179397749e-01 -8.141733781491986566e-01
-8.163074510672380102e-01 -8.141516797150181173e-01 -8.118268213225852126e-01 -8.093334160348002460e-01 -8.066720486174991933e-01 -8.038433517332610467e-01 -8.008480099081871639e-01 -7.976867642492295740e-01 -7.943604179754752970e-01 -7.908698428351448317e-01 -7.872159864950818431e-01 -7.833998810128489643e-01 -7.794226525370180347e-01 -7.752855324321941133e-01 -7.709898700980009068e-01 -7.665371478533389293e-01 -7.619289984007998617e-01 -7.571672255886078284e-01 -7.522538294756688781e-01 -7.471910371209268265e-01 -7.419813411271761749e-01 -7.366275488781159897e-01 -7.311328467926521135e-01 -7.255008860807251603e-01 -7.197358999408015601e-01 -7.138428678225238189e-01 -7.078277520120993538e-01 -7.016978486841976004e-01 -6.954623262762625879e-01 -6.891330822457409910e-01 -6.827261647540713296e-01 -6.762642469293398406e-01 -6.697811736306246155e-01 -6.633308463308520420e-01 -6.570057851178082720e-01 -6.509784337885825556e-01 -6.455952840654771707e-01 -6.415597164793840346e-01 -6.400044951848500308e-01 -6.416273305393402904e-01 -6.457140378826680127e-01 -6.511348102867904331e-01 -6.571925108278827699e-01 -6.635439962910765210e-01 -6.700183193721085395e-01 -6.765236298152880190e-01 -6.830063328251355648e-01 -6.894327220124079059e-01 -6.957801799311253976e-01 -7.020326712829775273e-01 -7.081782886841354596e-01 -7.142078417049201322e-01 -7.201140062264215214e-01 -7.258907897657995711e-01 -7.315331827915187990e-01 -7.370369237308319610e-01 -7.423983358258877674e-01 -7.476142107478573884e-01 -7.526817234414020508e-01 -7.575983683157674342e-01 -7.623619103323612256e-01 -7.669703466861274022e-01 -7.714218761559487048e-01 -7.757148741037258599e-01 -7.798478717087043988e-01 -7.838195384380199915e-01 -7.876286670424909042e-01 -7.912741605691598901e-01 -7.947550210259202164e-01 -7.980703394359121017e-01 -8.012192870922084653e-01 -8.042011078744486507e-01 -8.070151115242522044e-01 -8.096606677994482304e-01 -8.121372014415290108e-01 -8.144441878985296812e-01 -8.165811497485550019e-01 -8.185476537690845600e-01 -8.203433085949966008e-01 -8.219677629051909129e-01 -8.234207040744940809e-01 -8.247018572248541179e-01 -8.258109846083313554e-01 -8.267478852543641565e-01 -8.275123948154810005e-01 -8.281043855492699057e-01 -8.285237663798739050e-01 -8.287704829895895520e-01 -8.288445179000656360e-01 -8.287458905127137454e-01 -8.284746570892728146e-01 -8.280309106652262718e-01 -8.274147809007487142e-01 -8.266264338858009264e-01 -8.256660719271448068e-01 -8.245339333553075578e-01 -8.232302923986020149e-01 -8.217554591786351281e-01 -8.201097798876442191e-01 -8.182936372118361223e-01
-8.203448291607660092e-01 -8.182721590920158938e-01 -8.160299144992317899e-01 -8.136185983370070041e-01 -8.110387556060948411e-01 -8.082909762158595468e-01 -8.053758984805554633e-01 -8.022942133065298354e-01 -7.990466691299538127e-01 -7.956340776710528750e-01 -7.920573205825786056e-01 -7.883173570895427584e-01 -7.844152327465808705e-01 -7.803520894823862131e-01 -7.761291771622214064e-01 -7.717478669866235652e-01 -7.672096671668495738e-01 -7.625162414902802999e-01 -7.576694316341689994e-01 -7.526712844379118694e-01 -7.475240858566309932e-01 -7.422304040781175782e-01 -7.367931454326472895e-01 -7.312156284968803766e-01 -7.255016845949520121e-01 -7.196557974480783937e-01 -7.136833023203669191e-01 -7.075906781013027169e-01 -7.013859891272474778e-01 -6.950795768665397611e-01 -6.886851854485701585e-01 -6.822218752585216262e-01 -6.757174430853823965e-01 -6.692148918098251853e-01 -6.627854645446318305e-01 -6.565566560917021066e-01 -6.507753223992867042e-01 -6.459439491471008488e-01 -6.430041743654655306e-01 -6.430378252439407083e-01 -6.460349986736332317e-01 -6.509084079212295038e-01 -6.567222397712082493e-01 -6.629784964474293441e-01 -6.694324572500053305e-01 -6.759575814068830013e-01 -6.824830593920618860e-01 -6.889660864510191995e-01 -6.953789511025612047e-01 -7.017026211940379232e-01 -7.079233508270095232e-01 -7.140307808129753298e-01 -7.200168209149280241e-01 -7.258749627285494554e-01 -7.315998407028102557e-01 -7.371869419231450449e-01 -7.426324082490836087e-01 -7.479328975816380565e-01 -7.530854840344611834e-01 -7.580875843281749127e-01 -7.629369022468366346e-01 -7.676313857810737051e-01 -7.721691933448543432e-01 -7.765486665949086209e-01 -7.807683081383297585e-01 -7.848267629249356947e-01 -7.887228024723060837e-01 -7.924553113165154761e-01 -7.960232752544018631e-01 -7.994257710660244154e-01 -8.026619574932953860e-01 -8.057310673124402634e-01 -8.086324003811143912e-01 -8.113653175700460407e-01 -8.139292355080691710e-01 -8.163236220804792609e-01 -8.185479926264607187e-01 -8.206019067828616009e-01 -8.224849659208108843e-01 -8.241968111192718993e-01 -8.257371216167473937e-01 -8.271056136794258107e-01 -8.283020398223281955e-01 -8.293261883189834149e-01 -8.301778829361410317e-01 -8.308569828323999484e-01 -8.313633825639810127e-01 -8.316970121470037558e-01 -8.318578371331275534e-01 -8.318458586647163866e-01 -8.316611134857538890e-01 -8.313036738957372274e-01 -8.307736476451283991e-01 -8.300711777823852611e-01 -8.291964424734934447e-01 -8.281496548252555989e-01 -8.269310627527570734e-01 -8.255409489392739886e-01 -8.239796309432386723e-01 -8.222474615114401253e-01
-8.242153785791481724e-01 -8.222262801607644889e-01 -8.200671567603974310e-01 -8.177384766267752347e-01 -8.152407478453459477e-01 -8.125745208426220501e-01 -8.097403914695687766e-01 -8.067390047191304037e-01 -8.035710591345550657e-01 -8.002373119701153836e-01 -7.967385851749512193e-01 -7.930757722866016435e-01 -7.892498463451065316e-01 -7.852618689747314917e-01 -7.811130008324996821e-01 -7.768045136966923447e-01 -7.723378045726836394e-01 -7.677144123403670806e-01 -7.629360376754419359e-01 -7.580045672739945672e-01 -7.529221038404411148e-01 -7.476910039321171819e-01 -7.423139267028205923e-01 -7.367938980386297132e-01 -7.311343968490844336e-01 -7.253394739153743442e-01 -7.194139196900799504e-01 -7.133635076099480443e-01 -7.071953573048581632e-01 -7.009184944764902392e-01 -6.945447455071874776e-01 -6.880902261343686543e-01 -6.815779357029772001e-01 -6.750425218964074547e-01 -6.685395644117166913e-01 -6.621648485458516697e-01 -6.560967597896185666e-01 -6.506908869432547204e-01 -6.466564451617420328e-01 -6.451074559884107940e-01 -6.467180431153052300e-01 -6.507998557735692469e-01 -6.562410966341745144e-01 -6.623379395301502992e-01 -6.687377900586065627e-01 -6.752636255140607169e-01 -6.818202750684780877e-01 -6.883524400263987264e-01 -6.948255981158324435e-01 -7.012167986178361456e-01 -7.075099347490226842e-01 -7.136931680754692309e-01 -7.197574498493357620e-01 -7.256956321100954677e-01 -7.315019112601024442e-01 -7.371714670642119938e-01 -7.427002208219756207e-01 -7.480846686098467924e-01 -7.533217631876818476e-01 -7.584088282642564849e-01 -7.633434947723747310e-01 -7.681236524220813600e-01 -7.727474120581478978e-01 -7.772130757924471389e-01 -7.815191128269380894e-01 -7.856641395144243756e-01 -7.896469026337542552e-01 -7.934662651534223343e-01 -7.971211939654068157e-01 -8.006107492184053598e-01 -8.039340749841001887e-01 -8.070903910642717172e-01 -8.100789857988599518e-01 -8.128992097711281728e-01 -8.155504703301075242e-01 -8.180322268658937190e-01 -8.203439867819113385e-01 -8.224853021123598174e-01 -8.244557667337686357e-01 -8.262550141183528929e-01 -8.278827155745457356e-01 -8.293385789174441136e-01 -8.306223475098979403e-01 -8.317337996135572009e-01 -8.326727479893117900e-01 -8.334390396881252716e-01 -8.340325559764445451e-01 -8.344532123452677030e-01 -8.347009585584515001e-01 -8.347757787037624055e-01 -8.346776912192115372e-01 -8.344067488773104779e-01 -8.339630387203406103e-01 -8.333466819504931067e-01 -8.325578337893730918e-01 -8.315966833313046536e-01 -8.304634534241938093e-01 -8.291584006196612844e-01 -8.276818152410218010e-01 -8.260340216227974874e-01
-8.279183066954367565e-01 -8.260132119308896126e-01 -8.239376760131615907e-01 -8.216921346103033263e-01 -8.192770613227774446e-01 -8.166929698808398363e-01 -8.139404168681709795e-01 -8.110200050249947168e-01 -8.079323871850125904e-01 -8.046782709041389037e-01 -8.012584238463725805e-01 -7.976736800050105991e-01 -7.939249468575408919e-01 -7.900132135828746849e-01 -7.859395605136272334e-01 -7.817051700587445140e-01 -7.773113394204334003e-01 -7.727594955539378585e-01 -7.680512129948755540e-01 -7.631882354296898319e-01 -7.581725022459731012e-01 -7.530061818272486551e-01 -7.476917141412129375e-01 -7.422318663589042576e-01 -7.366298070816349464e-01 -7.308892076663233706e-01 -7.250143838760224613e-01 -7.190104989985078854e-01 -7.128838632227521011e-01 -7.066423884060454297e-01 -7.002963024642825385e-01 -6.938593147728256971e-01 -6.873506004646522394e-01 -6.807983477880259482e-01 -6.742464597893971234e-01 -6.677680109983509249e-01 -6.614939840228917234e-01 -6.556772805566182249e-01 -6.508280788882292445e-01 -6.478873317330642312e-01 -6.479180625249630898e-01 -6.509116132021642853e-01 -6.557999696036294068e-01 -6.616471891298305597e-01 -6.679470996876208932e-01 -6.744487406485428771e-01 -6.810220037706313789e-01 -6.875942122002363099e-01 -6.941216433095842575e-01 -7.005761848436533601e-01 -7.069386848378196309e-01 -7.131954294104869696e-01 -7.193361715409131163e-01 -7.253529729046135355e-01 -7.312394937349528945e-01 -7.369905407010245435e-01 -7.426017692662107983e-01 -7.480694817621309500e-01 -7.533904865890681535e-01 -7.585619975131163706e-01 -7.635815598988588970e-01 -7.684469954256969437e-01 -7.731563597347825834e-01 -7.777079092841142627e-01 -7.821000748730806418e-01 -7.863314400794088055e-01 -7.904007233781772390e-01 -7.943067630733071649e-01 -7.980485044226871549e-01 -8.016249885146806697e-01 -8.050353425785616857e-01 -8.082787715004183804e-01 -8.113545503788027746e-01 -8.142620179985500251e-01 -8.170005711312198216e-01 -8.195696595905535009e-01 -8.219687819835610476e-01 -8.241974821045581212e-01 -8.262553459223525021e-01 -8.281419991109277845e-01 -8.298571050726069043e-01 -8.314003634006869037e-01 -8.327715087264508931e-01 -8.339703098940483006e-01 -8.349965694062103649e-01 -8.358501230846065999e-01 -8.365308398909847565e-01 -8.370386218589285221e-01 -8.373734040915560284e-01 -8.375351547871104918e-01 -8.375238752624051264e-01 -8.373395999529684719e-01 -8.369823963784116527e-01 -8.364523650713482361e-01 -8.357496394783265892e-01 -8.348743858507561288e-01 -8.338268031529072477e-01 -8.326071230221288033e-01 -8.312156098234454449e-01 -8.296525608462954615e-01
-8.314528900490611996e-01 -8.296321958609156333e-01 -8.276406763049994897e-01 -8.254787363047413340e-01 -8.231468170635756199e-01 -8.206453980030574691e-01 -8.179749991764284633e-01 -8.151361842088920007e-01 -8.121295638167679298e-01 -8.089557999606004079e-01 -8.056156106930967287e-01 -8.021097757734775291e-01 -7.984391431363235814e-01 -7.946046363285990122e-01 -7.906072630654492617e-01 -7.864481251085303493e-01 -7.821284297456304602e-01 -7.776495032560243326e-01 -7.730128068951142017e-01 -7.682199561432410118e-01 -7.632727442666017437e-01 -7.581731716781200392e-01 -7.529234832347133644e-01 -7.475262165816018989e-01 -7.419842661468720735e-01 -7.363009697273067422e-01 -7.304802283590163814e-01 -7.245266763508754204e-01 -7.184459288548761258e-01 -7.122449527446527151e-01 -7.059326399941702190e-01 -6.995207259260693977e-01 -6.930253195296072199e-01 -6.864695720495156417e-01 -6.798885765946517390e-01 -6.733388993623412588e-01 -6.669183009552942520e-01 -6.608088526389722661e-01 -6.553721066612552271e-01 -6.513228573753834239e-01 -6.497701115266311112e-01 -6.513793351048798863e-01 -6.554723737170805586e-01 -6.609420594593427012e-01 -6.670784031143317527e-01 -6.735225701435637591e-01 -6.800937367182958715e-01 -6.866947058766589285e-01 -6.932691681503329040e-01 -6.997821434783777494e-01 -7.062105227128552265e-01 -7.125382023758966010e-01 -7.187534333859810776e-01 -7.248473000333494065e-01 -7.308128070327907233e-01 -7.366443093506884754e-01 -7.423371433751263515e-01 -7.478873807219723613e-01 -7.532916591662472960e-01 -7.585470634692644820e-01 -7.636510393059784407e-01 -7.686013296473730438e-01 -7.733959266857974857e-01 -7.780330347180663964e-01 -7.825110408875119994e-01 -7.868284916567700460e-01 -7.909840735302078318e-01 -7.949765969838615831e-01 -7.988049828637566740e-01 -8.024682507249950580e-01 -8.059655087333906787e-01 -8.092959448574661430e-01 -8.124588191538568704e-01 -8.154534570024216666e-01 -8.182792431843330938e-01 -8.209356167215893230e-01 -8.234220664126659095e-01 -8.257381270089940717e-01 -8.278833759821321303e-01 -8.298574308335224803e-01 -8.316599468987255772e-01 -8.332906155967165773e-01 -8.347491630733459012e-01 -8.360353491865738507e-01 -8.371489667804691281e-01 -8.380898411951341886e-01 -8.388578299614084521e-01 -8.394528226319590836e-01 -8.398747407047248981e-01 -8.401235376003379773e-01 -8.401991986618067010e-01 -8.401017411527391676e-01 -8.398312142387693857e-01 -8.393876989459629900e-01 -8.387713080991954229e-01 -8.379821862524279297e-01 -8.370205096316445381e-01 -8.358864861189803097e-01 -8.345803553137174369e-01 -8.331023887116498772e-01
-8.348184683899460001e-01 -8.330825393787990585e-01 -8.311754307335577074e-01 -8.290975182389195286e-01 -8.268492125115817215e-01 -8.244309607236078863e-01 -8.218432487525630936e-01 -8.190866038075461653e-01 -8.161615975810527779e-01 -8.130688499790377222e-01 -8.098090334864578299e-01 -8.063828782342976620e-01 -8.027911778479691618e-01 -7.990347961783341724e-01 -7.951146750477604552e-01 -7.910318431885582369e-01 -7.867874266146248630e-01 -7.823826607566867208e-01 -7.778189048175294662e-01 -7.730976589817538658e-01 -7.682205853687967823e-01 -7.631895339847027948e-01 -7.580065754650906484e-01 -7.526740432013621085e-01 -7.471945886555820815e-01 -7.415712555499053282e-01 -7.358075815986790946e-01 -7.299077413017095450e-01 -7.238767514282308246e-01 -7.177207748053294756e-01 -7.114475829652102679e-01 -7.050672843903721398e-01 -6.985935142731618530e-01 -6.920454620732200413e-01 -6.854514969705846061e-01 -6.788560130605333365e-01 -6.723331519338855422e-01 -6.660160157990674401e-01 -6.601613778853655523e-01 -6.552851306384209762e-01 -6.523317176954940289e-01 -6.523598631767711931e-01 -6.553618018161497805e-01 -6.602742427341242726e-01 -6.661572024923535507e-01 -6.724984187429958737e-01 -6.790428917359854211e-01 -6.856583204217925331e-01 -6.922709269011705357e-01 -6.988364807308125037e-01 -7.053266801378469397e-01 -7.117223544331141571e-01 -7.180098618004715494e-01 -7.241790738325896148e-01 -7.302221924650978968e-01 -7.361330256637712566e-01 -7.419065272225972008e-01 -7.475384945786017754e-01 -7.530253644290850756e-01 -7.583640707232222056e-01 -7.635519435029656243e-01 -7.685866351351247072e-01 -7.734660653021988574e-01 -7.781883790878665330e-01 -7.827519143655012890e-01 -7.871551759070669618e-01 -7.913968144269771798e-01 -7.954756093113852788e-01 -7.993904541497431904e-01 -8.031403444397002822e-01 -8.067243670148848134e-01 -8.101416908714583753e-01 -8.133915591590832328e-01 -8.164732821657394446e-01 -8.193862311707474921e-01 -8.221298330713930902e-01 -8.247035657095674877e-01 -8.271069538382993525e-01 -8.293395656761067825e-01 -8.314010100012507731e-01 -8.332909337395688620e-01 -8.350090199994910645e-01 -8.365549865069927815e-01 -8.379285843921773225e-01 -8.391295972785435264e-01 -8.401578406259544440e-01 -8.410131612794040645e-01 -8.416954371777529698e-01 -8.422045771800388270e-01 -8.425405209715793875e-01 -8.427032390176889542e-01 -8.426927325395883184e-01 -8.425090334945397608e-01 -8.421522045501810272e-01 -8.416223390514180336e-01 -8.409195609864579257e-01 -8.400440249666742965e-01 -8.389959162426499084e-01 -8.377754507854926480e-01 -8.363828754686031264e-01
-8.380144395964890247e-01 -8.363636103908912434e-01 -8.345412754763509300e-01 -8.325477829247535100e-01 -8.303835143539113339e-01 -8.280488864773869473e-01 -8.255443530350051740e-01 -8.228704071505775763e-01 -8.200275841642981067e-01 -8.170164649896285436e-01 -8.138376800486241125e-01 -8.104919138470829676e-01 -8.069799102626468157e-01 -8.033024786368199166e-01 -7.994605007883228698e-01 -7.954549391030938388e-01 -7.912868459100680374e-01 -7.869573744276010530e-01 -7.824677916719806614e-01 -7.778194938695072169e-01 -7.730140251270719576e-01 -7.680531004220618740e-01 -7.629386344176286583e-01 -7.576727782667456168e-01 -7.522579675572524938e-01 -7.466969860668934977e-01 -7.409930523756391718e-01 -7.351499402023767837e-01 -7.291721496320557883e-01 -7.230651570918439353e-01 -7.168357906771322119e-01 -7.104928114696287267e-01 -7.040478458140673190e-01 -6.975169405316445914e-01 -6.909232763131749611e-01 -6.843021495741321569e-01 -6.777106576495448564e-01 -6.712477097685008998e-01 -6.650976592160369183e-01 -6.596261490738292155e-01 -6.555534836728772463e-01 -6.539914693766318843e-01 -6.556051594906721069e-01 -6.597180288085854327e-01 -6.652198804646030084e-01 -6.713947572898447680e-01 -6.778794932153829889e-01 -6.844908753300246174e-01 -6.911305093410241573e-01 -6.977415312939442282e-01 -7.042887461999256526e-01 -7.107490096642149480e-01 -7.171062776497255653e-01 -7.233489090257577692e-01 -7.294681189126954735e-01 -7.354570512867211196e-01 -7.413102006129336230e-01 -7.470230384046928629e-01 -7.525917645136694922e-01 -7.580131367895612815e-01 -7.632843513838940552e-01 -7.684029566076011619e-01 -7.733667895195379671e-01 -7.781739282251955991e-01 -7.828226552330620480e-01 -7.873114287272140466e-01 -7.916388596003838263e-01 -7.958036927476155320e-01 -7.998047915651061990e-01 -8.036411249047690220e-01 -8.073117559485598616e-01 -8.108158326170302743e-01 -8.141525792334840528e-01 -8.173212892410415265e-01 -8.203213188239009135e-01 -8.231520813219690424e-01 -8.258130423541787390e-01 -8.283037155833801179e-01 -8.306236590668860664e-01 -8.327724721434230926e-01 -8.347497928107205922e-01 -8.365552955494081067e-01 -8.381886895489440992e-01 -8.396497172910701856e-01 -8.409381534457027740e-01 -8.420538040343723551e-01 -8.429965058169067715e-01 -8.437661258587489943e-01 -8.443625612389339397e-01 -8.447857388624199215e-01 -8.450356153451816787e-01 -8.451121769460749888e-01 -8.450154395257909457e-01 -8.447454485202104957e-01 -8.443022789227021541e-01 -8.436860352773872807e-01 -8.428968516926849119e-01 -8.419348918915658952e-01 -8.408003493213758173e-01 -8.394934473520578866e-01
-8.410402552801163889e-01 -8.394748325664480593e-01 -8.377376046981461766e-01 -8.358288933230066942e-01 -8.337490524728754515e-01 -8.314984699776457600e-01 -8.290775692168903532e-01 -8.264868112525399768e-01 -8.237266973872943154e-01 -8.207977721957693262e-01 -8.177006270792652742e-01 -8.144359044014806148e-01 -8.110043022724376938e-01 -8.074065800632532763e-01 -8.036435647565846052e-01 -7.997161582698228965e-01 -7.956253459336209977e-01 -7.913722063725301403e-01 -7.869579231245029671e-01 -7.823837984626705877e-01 -7.776512700618407603e-01 -7.727619314079249291e-01 -7.677175572178793761e-01 -7.625201356796363905e-01 -7.571719101290595999e-01 -7.516754340083501296e-01 -7.460336448538075205e-01 -7.402499660821696414e-01 -7.343284502609956910e-01 -7.282739857726385768e-01 -7.220926029625335252e-01 -7.157919411551189048e-01 -7.093819847501949827e-01 -7.028762670092116860e-01 -6.962939228881022125e-01 -6.896633608814938254e-01 -6.830291954612324190e-01 -6.764661376097580447e-01 -6.701085327776102885e-01 -6.642156569587941428e-01 -6.593078807065639868e-01 -6.563355092859838313e-01 -6.563611628130475717e-01 -6.593778149376492426e-01 -6.643186860956168394e-01 -6.702374998604627709e-01 -6.766171848171100844e-01 -6.832000808377935996e-01 -6.898525723649165942e-01 -6.965002787466869627e-01 -7.030987329665252528e-01 -7.096195860157039625e-01 -7.160437180306884475e-01 -7.223575877335726148e-01 -7.285511906756968470e-01 -7.346168615820204417e-01 -7.405485418557915533e-01 -7.463413148015333176e-01 -7.519911009442638017e-01 -7.574944523730926527e-01 -7.628484101882908597e-01 -7.680504032378815404e-01 -7.730981745133300720e-01 -7.779897264677323454e-01 -7.827232795282922373e-01 -7.872972399714333047e-01 -7.917101745519428135e-01 -7.959607900832310623e-01 -8.000479167065496222e-01 -8.039704939562184460e-01 -8.077275589835783975e-01 -8.113182364819047088e-01 -8.147417299812845792e-01 -8.179973142729111135e-01 -8.210843287864570961e-01 -8.240021717899027598e-01 -8.267502953132210841e-01 -8.293282007193201188e-01 -8.317354348605132675e-01 -8.339715867681988248e-01 -8.360362848291722493e-01 -8.379291944050750729e-01 -8.396500158529393021e-01 -8.411984829053539281e-01 -8.425743613688640998e-01 -8.437774480995814397e-01 -8.448075702155831701e-01 -8.456645845070562828e-01 -8.463483770072888213e-01 -8.468588626904514083e-01 -8.471959852660901902e-01 -8.473597170447667581e-01 -8.473500588545490597e-01 -8.471670399939886797e-01 -8.468107182133526312e-01 -8.462811797224629728e-01 -8.455785392298085235e-01 -8.447029400240581021e-01 -8.436545541150470839e-01 -8.424335824567967812e-01
-8.438954169302781416e-01 -8.424156812324163912e-01 -8.407638661489613696e-01 -8.389402680913646826e-01 -8.369452147844739232e-01 -8.347790665784859954e-01 -8.324422180591242171e-01 -8.299350999956628394e-01 -8.272581816683294287e-01 -8.244119736189260417e-01 -8.213970308725201397e-01 -8.182139566836226230e-01 -8.148634068691944510e-01 -8.113460948038747622e-01 -8.076627971719119170e-01 -8.038143605975558437e-01 -7.998017093144519363e-01 -7.956258540888214714e-01 -7.912879026874600763e-01 -7.867890722882888710e-01 -7.821307043818368498e-01 -7.773142829257765341e-01 -7.723414568220274834e-01 -7.672140682332013739e-01 -7.619341889168437243e-01 -7.565041677520734087e-01 -7.509266941626677738e-01 -7.452048845406272770e-01 -7.393424026310585484e-01 -7.333436312014807168e-01 -7.272139231215409838e-01 -7.209599789174269135e-01 -7.145904322639309303e-01 -7.081167898729840982e-01 -7.015550005568499392e-01 -6.949281941541707308e-01 -6.882717116078288511e-01 -6.816428841448908260e-01 -6.751412333271551436e-01 -6.689524885014950240e-01 -6.634451672569097180e-01 -6.593449000027297169e-01 -6.577706646269617652e-01 -6.593917798447863632e-01 -6.635285452246010296e-01 -6.690634325030273555e-01 -6.752747500762613653e-01 -6.817962278000319065e-01 -6.884431708538929495e-01 -6.951165238704570815e-01 -7.017591658421971079e-01 -7.083358461048254728e-01 -7.148234659541220504e-01 -7.212060773420985171e-01 -7.274721584592223067e-01 -7.336130524592110458e-01 -7.396220320120242553e-01 -7.454937164968237218e-01 -7.512236961626306275e-01 -7.568082822002184518e-01 -7.622443358790198520e-01 -7.675291487438725690e-01 -7.726603566172334236e-01 -7.776358764862597583e-01 -7.824538591946657018e-01 -7.871126532502648043e-01 -7.916107765834382581e-01 -7.959468940850040752e-01 -8.001197994123535606e-01 -8.041283999994232046e-01 -8.079717045133179010e-01 -8.116488122143953321e-01 -8.151589038275699473e-01 -8.185012336395570687e-01 -8.216751226132666952e-01 -8.246799523649813723e-01 -8.275151598886441029e-01 -8.301802329387057977e-01 -8.326747060017458679e-01 -8.349981567996981324e-01 -8.371502032756429346e-01 -8.391305010183324198e-01 -8.409387410844501032e-01 -8.425746481794375020e-01 -8.440379791585745917e-01 -8.453285218109283239e-01 -8.464460938895039810e-01 -8.473905423523733216e-01 -8.481617427812706556e-01 -8.487595989466085733e-01 -8.491840424910206409e-01 -8.494350327072286433e-01 -8.495125563903742627e-01 -8.494166277497826600e-01 -8.491472883702315677e-01 -8.487046072183188627e-01 -8.480886806948995105e-01 -8.472996327401784988e-01 -8.463376150032100309e-01 -8.452028070926689285e-01
-8.465794724852514497e-01 -8.451856797490964190e-01 -8.436195573067569731e-01 -8.418813774503484115e-01 -8.399714427777205117e-01 -8.378900874319528125e-01 -8.356376786037009730e-01 -8.332146183317884480e-01 -8.306213456397667505e-01 -8.278583390489270277e-01 -8.249261195121311285e-01 -8.218252538182728717e-01 -8.185563585250856811e-01 -8.151201044894984538e-01 -8.115172220811772696e-01 -8.077485071883154788e-01 -8.038148281576437126e-01 -7.997171338567977683e-01 -7.954564631117255757e-01 -7.910339558619066125e-01 -7.864508665028778767e-01 -7.817085800647444183e-01 -7.768086321312985820e-01 -7.717527337745984095e-01 -7.665428033234613636e-01 -7.611810075953866495e-01 -7.556698164551111097e-01 -7.500120764778253069e-01 -7.442111125360354462e-01 -7.382708710794209095e-01 -7.321961271606940436e-01 -7.259927915479785776e-01 -7.196683797493887980e-01 -7.132327519667370774e-01 -7.066993240943666432e-01 -7.000871340501402251e-01 -6.934245393608908792e-01 -6.867562003161481465e-01 -6.801570748428499291e-01 -6.737621816432315391e-01 -6.678323982831779748e-01 -6.628916869083175678e-01 -6.598973629438685817e-01 -6.599204857462297458e-01 -6.629547171758838342e-01 -6.679252498734308263e-01 -6.738784086051600175e-01 -6.802932101213632343e-01 -6.869102347090195737e-01 -6.935951210766647668e-01 -7.002732078010344141e-01 -7.068999659866257446e-01 -7.134470901423908273e-01 -7.198955543962622938e-01 -7.262319341362305503e-01 -7.324463496830551090e-01 -7.385312608275486079e-01 -7.444807301283248302e-01 -7.502899559087153891e-01 -7.559549664693480109e-01 -7.614724139717576890e-01 -7.668394318057485393e-01 -7.720535334736676747e-01 -7.771125392717427305e-01 -7.820145219788807722e-01 -7.867577657927256052e-01 -7.913407346611456283e-01 -7.957620473873477929e-01 -8.000204576961069680e-01 -8.041148379912417266e-01 -8.080441659044053093e-01 -8.118075129914440469e-01 -8.154040351118799768e-01 -8.188329641540339487e-01 -8.220936008588844990e-01 -8.251853085602554039e-01 -8.281075077052414413e-01 -8.308596710516382711e-01 -8.334413194622192211e-01 -8.358520182318872616e-01 -8.380913738945884317e-01 -8.401590314642055635e-01 -8.420546720684577435e-01 -8.437780109377908122e-01 -8.453287957133712727e-01 -8.467068050398127710e-01 -8.479118474095284075e-01 -8.489437602271920902e-01 -8.498024090644049622e-01 -8.504876870769704222e-01 -8.509995145596107591e-01 -8.513378386161765121e-01 -8.515026329267104677e-01 -8.514938975967648593e-01 -8.513116590783340598e-01 -8.509559701562797729e-01 -8.504269099985546365e-01 -8.497245842729802545e-01 -8.488491253380011647e-01 -8.478006925188987797e-01
-8.490920132385855190e-01 -8.477843962648206055e-01 -8.463042219502525665e-01 -8.446517395382845406e-01 -8.428272276102075633e-01 -8.408309952771533258e-01 -8.386633836040888745e-01 -8.363247672965148372e-01 -8.338155566832712307e-01 -8.311362000320855481e-01 -8.282871862384961759e-01 -8.252690479342270624e-01 -8.220823650682843597e-01 -8.187277690244951778e-01 -8.152059473534454259e-01 -8.115176492171513045e-01 -8.076636916728745508e-01 -8.036449669619017966e-01 -7.994624510237993142e-01 -7.951172135329719337e-01 -7.906104298610217018e-01 -7.859433955188044330e-01 -7.811175438457240716e-01 -7.761344680209083524e-01 -7.709959489187077075e-01 -7.657039909936786959e-01 -7.602608693789222327e-01 -7.546691929162668844e-01 -7.489319902463258405e-01 -7.430528299601185660e-01 -7.370359922067832859e-01 -7.308867200092366012e-01 -7.246115975777089879e-01 -7.182191374970895437e-01 -7.117207240246777866e-01 -7.051321887962650470e-01 -6.984765627394937670e-01 -6.917891322205466098e-01 -6.851272729681601170e-01 -6.785907723858439766e-01 -6.723661401435908624e-01 -6.668239277787419983e-01 -6.626947445309152585e-01 -6.611069446921842285e-01 -6.627366610174900696e-01 -6.668984501677538423e-01 -6.724652725716149249e-01 -6.787100565803373398e-01 -6.852642650106871569e-01 -6.919423136711899680e-01 -6.986448311068026440e-01 -7.053146282585198712e-01 -7.119164980948946564e-01 -7.184274361567865030e-01 -7.248316101791661970e-01 -7.311176211664590641e-01 -7.372769346571654836e-01 -7.433029414010354774e-01 -7.491903725746317244e-01 -7.549349230026921598e-01 -7.605330008730755154e-01 -7.659815568504045880e-01 -7.712779644443401583e-01 -7.764199342996115361e-01 -7.814054514417229091e-01 -7.862327283719259263e-01 -7.909001693062265304e-01 -7.954063423833797053e-01 -7.997499576629381046e-01 -8.039298493960699288e-01 -8.079449614990090733e-01 -8.117943354661681932e-01 -8.154771001736874636e-01 -8.189924631749183614e-01 -8.223397031962110804e-01 -8.255181636179963478e-01 -8.285272467808842967e-01 -8.313664089958812120e-01 -8.340351561659335999e-01 -8.365330399457652222e-01 -8.388596543811566164e-01 -8.410146329784599084e-01 -8.429976461618112760e-01 -8.448083990803310073e-01 -8.464466297306747489e-01 -8.479121073629918293e-01 -8.492046311401871828e-01 -8.503240290223801345e-01 -8.512701568503709959e-01 -8.520428976039234881e-01 -8.526421608130965168e-01 -8.530678821032950943e-01 -8.533200228576198754e-01 -8.533985699830817229e-01 -8.533035357704079615e-01 -8.530349578406253297e-01 -8.525928991750167940e-01 -8.519774482285006334e-01 -8.511887191301803490e-01 -8.502268519780599165e-01
-8.514326710109694218e-01 -8.502114407699770116e-01 -8.488174470717986253e-01 -8.472509171541036110e-01 -8.455121066463919810e-01 -8.436013007343281522e-01 -8.415188155303604534e-01 -8.392649996759062869e-01 -8.368402362039323306e-01 -8.342449446940877200e-01 -8.314795837570402304e-01 -8.285446538899747804e-01 -8.254407007522690520e-01 -8.221683189198305541e-01 -8.187281561893724469e-01 -8.151209185216292674e-01 -8.113473757368172556e-01 -8.074083681094006426e-01 -8.033048140556910965e-01 -7.990377191726463213e-01 -7.946081869761136840e-01 -7.900174318133637019e-01 -7.852667946032472202e-01 -7.803577623128848950e-01 -7.752919924495403903e-01 -7.700713443896664012e-01 -7.646979201786905378e-01 -7.591741186703198085e-01 -7.535027087926557954e-01 -7.476869307764985040e-01 -7.417306391454708825e-01 -7.356385095766909687e-01 -7.294163460759063300e-01 -7.230715504871044752e-01 -7.166138637270531575e-01 -7.100565796023572407e-01 -7.034186170377331182e-01 -6.967282300341638424e-01 -6.900300177131494239e-01 -6.833989813397561841e-01 -6.769704435191176151e-01 -6.710062744213676211e-01 -6.660333253891926875e-01 -6.630162265927235232e-01 -6.630367075308647440e-01 -6.660891246907150176e-01 -6.710884289632991218e-01 -6.770732424307649433e-01 -6.835193634472238600e-01 -6.901662152103422709e-01 -6.968790569189932116e-01 -7.035831488132827660e-01 -7.102340069182304649e-01 -7.168034221118563254e-01 -7.232724849882974372e-01 -7.296278929388136936e-01 -7.358598867860967063e-01 -7.419610418707769384e-01 -7.479255296967906030e-01 -7.537486502122534571e-01 -7.594265258080549197e-01 -7.649558952627716346e-01 -7.703339713256409649e-01 -7.755583399049570392e-01 -7.806268871061130543e-01 -7.855377453098186802e-01 -7.902892525189827433e-01 -7.948799211155416211e-01 -7.993084134005830066e-01 -8.035735221010047447e-01 -8.076741545685448553e-01 -8.116093197665599224e-01 -8.153781173955206851e-01 -8.189797286869848758e-01 -8.224134085225445201e-01 -8.256784786245278118e-01 -8.287743216300517135e-01 -8.317003759066972091e-01 -8.344561310016180844e-01 -8.370411236401589239e-01 -8.394549342072712417e-01 -8.416971836575006805e-01 -8.437675308082163150e-01 -8.456656699770882524e-01 -8.473913289296746143e-01 -8.489442671064552082e-01 -8.503242741016636685e-01 -8.515311683687066813e-01 -8.525647961293624233e-01 -8.534250304660951914e-01 -8.541117705791019254e-01 -8.546249411920232575e-01 -8.549644920925300040e-01 -8.551303977963466973e-01 -8.551226573257619812e-01 -8.549412940960202656e-01 -8.545863559055486558e-01 -8.540579150283813537e-01 -8.533560684097265536e-01 -8.524809379682316557e-01
-8.536011155336603595e-01 -8.524664623884814496e-01 -8.511588600599354626e-01 -8.496785148084624595e-01 -8.480256603492879464e-01 -8.462005590039519687e-01 -8.442035030374945848e-01 -8.420348162011550563e-01 -8.396948555040977258e-01 -8.371840132417123215e-01 -8.345027193124985310e-01 -8.316514438612813143e-01 -8.286307002932631338e-01 -8.254410487124030915e-01 -8.220830998492687502e-01 -8.185575195591614506e-01 -8.148650339926742925e-01 -8.110064355696940952e-01 -8.069825899279127190e-01 -8.027944440717150743e-01 -7.984430360236669522e-01 -7.939295063871847358e-01 -7.892551123787956424e-01 -7.844212451013178322e-01 -7.794294511355503996e-01 -7.742814599749754390e-01 -7.689792194899173206e-01 -7.635249426059937949e-01 -7.579211699166878979e-01 -7.521708553611137216e-01 -7.462774859764701452e-01 -7.402452531368997057e-01 -7.340793035672321665e-01 -7.277861174969050273e-01 -7.213740959845428291e-01 -7.148545049724932543e-01 -7.082430530675578595e-01 -7.015626484407336827e-01 -6.948484667728926922e-01 -6.881578141872911614e-01 -6.815905263120894952e-01 -6.753335018390311806e-01 -6.697587202459450717e-01 -6.656012778543103359e-01 -6.639996595749508845e-01 -6.656379724587941915e-01 -6.698239109013097714e-01 -6.754201700202593361e-01 -6.816947731540018429e-01 -6.882775103609291012e-01 -6.949822937230005770e-01 -7.017096509800676563e-01 -7.084024383862081997e-01 -7.150255486618598555e-01 -7.215560958065246888e-01 -7.279783697237236506e-01 -7.342810906924222003e-01 -7.404558376870810088e-01 -7.464961078015851514e-01 -7.523967310274997100e-01 -7.581534934435820716e-01 -7.637628871041410861e-01 -7.692219394314881997e-01 -7.745280939183010194e-01 -7.796791247818299908e-01 -7.846730745917638306e-01 -7.895082077594678394e-01 -7.941829751803679560e-01 -7.986959868524086126e-01 -8.030459902896498470e-01 -8.072318532110079881e-01 -8.112525494305902196e-01 -8.151071471822937120e-01 -8.187947993244586442e-01 -8.223147350203222627e-01 -8.256662525967641830e-01 -8.288487133601604162e-01 -8.318615362033748850e-01 -8.347041928775871256e-01 -8.373762038317242862e-01 -8.398771345431746971e-01 -8.422065922787929093e-01 -8.443642232364805267e-01 -8.463497100259329553e-01 -8.481627694534923378e-01 -8.498031505808731900e-01 -8.512706330316336389e-01 -8.525650255224133112e-01 -8.536861645990497793e-01 -8.546339135601412895e-01 -8.554081615531596849e-01 -8.560088228302975555e-01 -8.564358361534405439e-01 -8.566891643393947930e-01 -8.567687939384575069e-01 -8.566747350408725481e-01 -8.564070212074212929e-01 -8.559657095218449196e-01 -8.553508807643428469e-01 -8.545626397070094082e-01
-8.555970520038614913e-01 -8.545491468601302820e-01 -8.533281260976460780e-01 -8.519341760214342862e-01 -8.503675094557233693e-01 -8.486283668922887102e-01 -8.467170178090785981e-01 -8.446337621734705259e-01 -8.423789321481892634e-01 -8.399528940222052986e-01 -8.373560503938402011e-01 -8.345888426391198101e-01 -8.316517537052352527e-01 -8.285453112775931217e-01 -8.252700913798227678e-01 -8.218267224801873994e-01 -8.182158901967113707e-01 -8.144383427185659663e-01 -8.104948970954624077e-01 -8.063864465938805903e-01 -8.021139693835082074e-01 -7.976785389072749144e-01 -7.930813364140534283e-01 -7.883236663111953257e-01 -7.834069752483191484e-01 -7.783328762125600875e-01 -7.731031794573761662e-01 -7.677199328972915682e-01 -7.621854758348347580e-01 -7.565025118033956719e-01 -7.506742093577136732e-01 -7.447043446088381646e-01 -7.385975076144041251e-01 -7.323594090814539159e-01 -7.259973494427931495e-01 -7.195209598024009390e-01 -7.129434158681370315e-01 -7.062835113554924993e-01 -6.995693719045206205e-01 -6.928454767184936136e-01 -6.861867496748865758e-01 -6.797285849122353119e-01 -6.737334305224037534e-01 -6.687304343606028656e-01 -6.656912509727308525e-01 -6.657089432538898510e-01 -6.687786001855512419e-01 -6.738042912194691647e-01 -6.798172034895073601e-01 -6.862904900542958764e-01 -6.929628220918980785e-01 -6.996993075837812937e-01 -7.064252476248301660e-01 -7.130962615342653077e-01 -7.196842615580021363e-01 -7.261704613908450678e-01 -7.325416769718894328e-01 -7.387882607298419391e-01 -7.449028918815895350e-01 -7.508798379717660509e-01 -7.567144873415827533e-01 -7.624030434390027811e-01 -7.679423191238625712e-01 -7.733295946274054700e-01 -7.785625171211529860e-01 -7.836390281358485144e-01 -7.885573100212386333e-01 -7.933157456764974302e-01 -7.979128876937684467e-01 -8.023474342884112653e-01 -8.066182101984228359e-01 -8.107241512767907610e-01 -8.146642918690010227e-01 -8.184377543223620988e-01 -8.220437401520419574e-01 -8.254815225146348023e-01 -8.287504397302029036e-01 -8.318498896586083990e-01 -8.347793247828372287e-01 -8.375382478863376834e-01 -8.401262082364391315e-01 -8.425427982043760533e-01 -8.447876502663020926e-01 -8.468604343400267798e-01 -8.487608554203048827e-01 -8.504886514817218135e-01 -8.520435916235528095e-01 -8.534254744350528998e-01 -8.546341265635761797e-01 -8.556694014708253748e-01 -8.565311783655444877e-01 -8.572193613031431347e-01 -8.577338784449273223e-01 -8.580746814711046611e-01 -8.582417451431570976e-01 -8.582350670121845493e-01 -8.580546672705282596e-01 -8.577005887447395338e-01 -8.571728970284180349e-01 -8.564716807540689869e-01
-8.574202187845629819e-01 -8.564592141802487291e-01 -8.553249457363042429e-01 -8.540175808198942065e-01 -8.525373123810491283e-01 -8.508843601020619207e-01 -8.490589717073113718e-01 -8.470614244420491268e-01 -8.448920267326506250e-01 -8.425511200451807348e-01 -8.400390809643195622e-01 -8.373563235206962219e-01 -8.345033018015700632e-01 -8.314805128882918339e-01 -8.282885001741790987e-01 -8.249278571295837192e-01 -8.213992315976192948e-01 -8.177033307263452677e-01 -8.138409266728756641e-01 -8.098128632551317985e-01 -8.056200637821565591e-01 -8.012635403699445158e-01 -7.967444051557563967e-01 -7.920638839729511327e-01 -7.872233332602820433e-01 -7.822242612847608578e-01 -7.770683552022759066e-01 -7.717575161407158602e-01 -7.662939054862936139e-01 -7.606800070867507646e-01 -7.549187124935708981e-01 -7.490134402410494330e-01 -7.429683065594835378e-01 -7.367883757949215129e-01 -7.304800378866135313e-01 -7.240515949317460898e-01 -7.175142044422628818e-01 -7.108834564790251775e-01 -7.041821306860371887e-01 -6.974452671767645828e-01 -6.907300419173526551e-01 -6.841362112975146736e-01 -6.778508125031971199e-01 -6.722468043882534605e-01 -6.680631671861801957e-01 -6.664482554556649951e-01 -6.680943439139249707e-01 -6.723021435460385664e-01 -6.779243314801305376e-01 -6.842246000734115707e-01 -6.908314995283597604e-01 -6.975586820115583508e-01 -7.043066992479629640e-01 -7.110185124513221933e-01 -7.176591388709273600e-01 -7.242058170045220233e-01 -7.306429548860807754e-01 -7.369593827061533542e-01 -7.431467808558442911e-01 -7.491987396221286843e-01 -7.551101744078514422e-01 -7.608769493946818674e-01 -7.664956278892578467e-01 -7.719633021459570976e-01 -7.772774744737982466e-01 -7.824359722756512037e-01 -7.874368860485090327e-01 -7.922785232384812470e-01 -7.969593732468943648e-01 -8.014780804131940162e-01 -8.058334227948098505e-01 -8.100242952234966154e-01 -8.140496955626093101e-01 -8.179087133947677835e-01 -8.216005205814690404e-01 -8.251243632854224908e-01 -8.284795551525336865e-01 -8.316654714268634230e-01 -8.346815438269171716e-01 -8.375272560519975151e-01 -8.402021398169700062e-01 -8.427057713357473112e-01 -8.450377681904037708e-01 -8.471977865353748083e-01 -8.491855185961758590e-01 -8.510006904297797714e-01 -8.526430599204618543e-01 -8.541124149901022644e-01 -8.554085720066748610e-01 -8.565313743785087919e-01 -8.574806913252375207e-01 -8.582564168190722764e-01 -8.588584686922090539e-01 -8.592867879079175708e-01 -8.595413379936337472e-01 -8.596221046353830220e-01 -8.595290954326892940e-01 -8.592623398131817858e-01 -8.588218891057182169e-01 -8.582078167705321503e-01
-8.590703852323227085e-01 -8.581964163747402008e-01 -8.571490526173535240e-01 -8.559284434005377529e-01 -8.545347628128705519e-01 -8.529682107410739844e-01 -8.512290141755052275e-01 -8.493174286743335744e-01 -8.472337399932130531e-01 -8.449782658917397438e-01 -8.425513581333794466e-01 -8.399534047015353444e-01 -8.371848322616439741e-01 -8.342461089073749392e-01 -8.311377472390919507e-01 -8.278603078346993271e-01 -8.244144031885927149e-01 -8.208007022139680586e-01 -8.170199354298894878e-01 -8.130729009892806447e-01 -8.089604717511795773e-01 -8.046836036653290947e-01 -8.002433458265786337e-01 -7.956408526819936933e-01 -7.908773990504152085e-01 -7.859543988676085391e-01 -7.808734289371597193e-01 -7.756362595074408617e-01 -7.702448943029942541e-01 -7.647016238697020851e-01 -7.590090980072199400e-01 -7.531704261054538163e-01 -7.471893191617293706e-01 -7.410702955613682752e-01 -7.348189870421314440e-01 -7.284426068568148338e-01 -7.219506895792039414e-01 -7.153563036471923819e-01 -7.086781232412524556e-01 -7.019441412003171177e-01 -6.951986928686830769e-01 -6.885165629686436084e-01 -6.820330811723240849e-01 -6.760109941384708776e-01 -6.709812272563023816e-01 -6.679217441605175276e-01 -6.679364901395447029e-01 -6.710213397632242005e-01 -6.760699577034542385e-01 -6.821067771597733032e-01 -6.886028006535040991e-01 -6.952962159795369468e-01 -7.020521115682628599e-01 -7.087958895034384144e-01 -7.154832958815033894e-01 -7.220863688363183819e-01 -7.285864398224204397e-01 -7.349704329488052634e-01 -7.412287994664350510e-01 -7.473543087459320056e-01 -7.533413105393129694e-01 -7.591852681032851269e-01 -7.648824530779958497e-01 -7.704297402852514631e-01 -7.758244661230031536e-01 -7.810643285277198977e-01 -7.861473147594770783e-01 -7.910716482115516257e-01 -7.958357484823167516e-01 -8.004382008573681651e-01 -8.048777325785221315e-01 -8.091531940832212833e-01 -8.132635439374333863e-01 -8.172078365520749621e-01 -8.209852120263714248e-01 -8.245948876385859050e-01 -8.280361506301586738e-01 -8.313083520188142561e-01 -8.344109012411189408e-01 -8.373432614721034728e-01 -8.401049455043534397e-01 -8.426955120948487199e-01 -8.451145627073987088e-01 -8.473617385934384405e-01 -8.494367181659503441e-01 -8.513392146305465147e-01 -8.530689738457625237e-01 -8.546257723910977155e-01 -8.560094158269713205e-01 -8.572197371356107265e-01 -8.582565953357672583e-01 -8.591198742676036115e-01 -8.598094815465229246e-01 -8.603253476865179161e-01 -8.606674253947441677e-01 -8.608356890393219496e-01 -8.608301342921409471e-01 -8.606507779477550191e-01 -8.602976579183357897e-01 -8.597708334034708244e-01
-8.605473496460991356e-01 -8.597605353986277343e-01 -8.588002113246964164e-01 -8.576665099356237665e-01 -8.563595874649788664e-01 -8.548796250138990249e-01 -8.532268298519418703e-01 -8.514014368713217484e-01 -8.494037101959389657e-01 -8.472339449509530551e-01 -8.448924692040237217e-01 -8.423796460954503518e-01 -8.396958761816928352e-01 -8.368416000249663256e-01 -8.338173010713285649e-01 -8.306235088712499159e-01 -8.272608027107644091e-01 -8.237298157392655140e-01 -8.200312397028768352e-01 -8.161658304228032179e-01 -8.121344141984856435e-01 -8.079378953708374889e-01 -8.035772653564970947e-01 -7.990536135697265951e-01 -7.943681407968237185e-01 -7.895221757987955780e-01 -7.845171962217662998e-01 -7.793548553381415278e-01 -7.740370167995651585e-01 -7.685658005763780221e-01 -7.629436447871136284e-01 -7.571733905258433150e-01 -7.512584006639392298e-01 -7.452027299935355398e-01 -7.390113749421219902e-01 -7.326906501486268875e-01 -7.262487738464591391e-01 -7.196968095505650309e-01 -7.130502411314700861e-01 -7.063317273495306470e-01 -6.995761706198183605e-01 -6.928405947114342212e-01 -6.862246135644821665e-01 -6.799152521396154558e-01 -6.742861115432194907e-01 -6.700793729760505801e-01 -6.684522702756344747e-01 -6.701047362228486071e-01 -6.743310923337911822e-01 -6.799749676254687181e-01 -6.862963725657396097e-01 -6.929229379876887807e-01 -6.996682000806476731e-01 -7.064327951147749696e-01 -7.131598103808933775e-01 -7.198143896296107513e-01 -7.263738884098499549e-01 -7.328228208945904987e-01 -7.391501131925577450e-01 -7.453475324810808766e-01 -7.514087477171614848e-01 -7.573287457043962334e-01 -7.631034554435247586e-01 -7.687294990402619987e-01 -7.742040219974060111e-01 -7.795245747266461578e-01 -7.846890279497287235e-01 -7.896955110338221839e-01 -7.945423661663915116e-01 -7.992281136738742520e-01 -8.037514253150090937e-01 -8.081111033714940550e-01 -8.123060640162182988e-01 -8.163353238823857216e-01 -8.201979890606205803e-01 -8.238932459620745830e-01 -8.274203536340367648e-01 -8.307786372202191627e-01 -8.339674823339147114e-01 -8.369863301674822509e-01 -8.398346732022921035e-01 -8.425120514133557226e-01 -8.450180488859372341e-01 -8.473522907788000325e-01 -8.495144405828054524e-01 -8.515041976346857666e-01 -8.533212948551499588e-01 -8.549654966882422880e-01 -8.564365972256704485e-01 -8.577344185055195691e-01 -8.588588089796036495e-01 -8.598096421477370299e-01 -8.605868153602040937e-01 -8.611902487919551596e-01 -8.616198845932859784e-01 -8.618756862220486870e-01 -8.619576379621098905e-01 -8.618657446315675097e-01 -8.616000314825940087e-01 -8.611605442928156329e-01
-8.618509373383710370e-01 -8.611513811553255238e-01 -8.602782153600257997e-01 -8.592315565085860696e-01 -8.580115439728674964e-01 -8.566183410722386649e-01 -8.550521363648377893e-01 -8.533131450917192939e-01 -8.514016107700820291e-01 -8.493178069360216575e-01 -8.470620390423689861e-01 -8.446346465233929290e-01 -8.420360050452690981e-01 -8.392665289694254405e-01 -8.363266740655308507e-01 -8.332169405218107228e-01 -8.299378763138066661e-01 -8.264900810089730321e-01 -8.228742101050914304e-01 -8.190909800271302110e-01 -8.151411739424671010e-01 -8.110256486015923194e-01 -8.067453424762431879e-01 -8.023012855558677714e-01 -7.976946112882044027e-01 -7.929265713257133141e-01 -7.879985539918539228e-01 -7.829121077465701628e-01 -7.776689714688148625e-01 -7.722711141791536171e-01 -7.667207880534723241e-01 -7.610206004883494080e-01 -7.551736140159673871e-01 -7.491834878173913026e-01 -7.430546828764784673e-01 -7.367927671352998420e-01 -7.304048825778753917e-01 -7.239004835607483201e-01 -7.172925473123087370e-01 -7.105996430157243138e-01 -7.038496412023730331e-01 -6.970867345900290113e-01 -6.903855492728991905e-01 -6.838812833326644025e-01 -6.778367995678555857e-01 -6.727843361534808775e-01 -6.697071467278932211e-01 -6.697187958145867093e-01 -6.728160005778358599e-01 -6.778833085723403595e-01 -6.839393803638913472e-01 -6.904535080329989860e-01 -6.971635680377306077e-01 -7.039346922909995863e-01 -7.106924017971992802e-01 -7.173925677391986833e-01 -7.240073436760153802e-01 -7.305181645454337236e-01 -7.369120469355910918e-01 -7.431795250228842020e-01 -7.493134428490137999e-01 -7.553082176209041654e-01 -7.611593736411026434e-01 -7.668632378174486952e-01 -7.724167349657878878e-01 -7.778172466213859604e-01 -7.830625113596556552e-01 -7.881505529021395340e-01 -7.930796272244982070e-01 -7.978481829148276194e-01 -8.024548309371258847e-01 -8.068983211806904920e-01 -8.111775239808208804e-01 -8.152914153339516634e-01 -8.192390648957765809e-01 -8.230196261031281768e-01 -8.266323279364641285e-01 -8.300764679648263700e-01 -8.333514064042454317e-01 -8.364565609854166528e-01 -8.393914024737458845e-01 -8.421554507201671758e-01 -8.447482711474926242e-01 -8.471694715977428070e-01 -8.494186994816924630e-01 -8.514956391851022932e-01 -8.534000096967703231e-01 -8.551315624327018305e-01 -8.566900792385087060e-01 -8.580753705589889702e-01 -8.592872737695278484e-01 -8.603256516687991518e-01 -8.611903911359446440e-01 -8.618814019581995112e-01 -8.623986158364937982e-01 -8.627419855771710777e-01 -8.629114844774985471e-01 -8.629071059113349040e-01 -8.627288631193382740e-01 -8.623767892053950668e-01
-8.629809988369052665e-01 -8.623687896413322340e-01 -8.615828852416875794e-01 -8.606233871750919029e-01 -8.594904189213637968e-01 -8.581841270089121121e-01 -8.567046822876889234e-01 -8.550522813585627047e-01 -8.532271481507298638e-01 -8.512295356426178294e-01 -8.490597277265100606e-01 -8.467180412232129250e-01 -8.442048280601035515e-01 -8.415204776340707848e-01 -8.386654193902189913e-01 -8.356401256579506498e-01 -8.324451147986382527e-01 -8.290809547342676833e-01 -8.255482669450190381e-01 -8.218477310474532338e-01 -8.179800900957907572e-01 -8.139461567895833749e-01 -8.097468208263335354e-01 -8.053830577133607171e-01 -8.008559394582662749e-01 -7.961666477049769153e-01 -7.913164900922926570e-01 -7.863069209142498073e-01 -7.811395676036003710e-01 -7.758162652155011774e-01 -7.703391020794152499e-01 -7.647104813123245526e-01 -7.589332052851596178e-01 -7.530105939957992822e-01 -7.469466546812864038e-01 -7.407463308472811425e-01 -7.344158779277144555e-01 -7.279634474033939151e-01 -7.214000267032720792e-01 -7.147410117303205634e-01 -7.080089578281393292e-01 -7.012386440443945101e-01 -6.944869475627146738e-01 -6.878533226358338748e-01 -6.815247028439901378e-01 -6.758750755339707483e-01 -6.716490862733349720e-01 -6.700113304711241557e-01 -6.716683687971556349e-01 -6.759092460773092892e-01 -6.815700386775459529e-01 -6.879077787397770427e-01 -6.945494182421865226e-01 -7.013084504146547271e-01 -7.080856109379968233e-01 -7.148241067320745268e-01 -7.214891935504399445e-01 -7.280583266680121790e-01 -7.345161084626055104e-01 -7.408515434064782967e-01 -7.470564687343079768e-01 -7.531246163624791823e-01 -7.590510298712589421e-01 -7.648316895487543565e-01 -7.704632638341284423e-01 -7.759429400361865792e-01 -7.812683061984574406e-01 -7.864372668061639926e-01 -7.914479813980082046e-01 -7.962988190007133094e-01 -8.009883236993279310e-01 -8.055151881794042623e-01 -8.098782330668574669e-01 -8.140763905466676942e-01 -8.181086911832751163e-01 -8.219742531678901898e-01 -8.256722734279837717e-01 -8.292020201818901537e-01 -8.325628266267410815e-01 -8.357540855236560429e-01 -8.387752444995075773e-01 -8.416258019253324285e-01 -8.443053032622830356e-01 -8.468133377895346037e-01 -8.491495356469571654e-01 -8.513135651404171167e-01 -8.533051302697660656e-01 -8.551239684500494542e-01 -8.567698484055903396e-01 -8.582425682242751375e-01 -8.595419535661859012e-01 -8.606678560263454347e-01 -8.616201516559279794e-01 -8.623987396496313185e-01 -8.630035412091415781e-01 -8.634344985935280548e-01 -8.636915743672559653e-01 -8.637747508551509856e-01 -8.636840298114631942e-01 -8.634194323072459376e-01
-8.639374082309771996e-01 -8.634126212274237933e-01 -8.627140667344331826e-01 -8.618418321527969717e-01 -8.607960260025515620e-01 -8.595767789884065646e-01 -8.581842452424287560e-01 -8.566186037301001255e-01 -8.548800598074497437e-01 -8.529688469202039158e-01 -8.508852284403292110e-01 -8.486294996409204927e-01 -8.462019898174231169e-01 -8.436030645709758913e-01 -8.408331282790411088e-01 -8.378926267887012447e-01 -8.347820503802438896e-01 -8.315019370626934858e-01 -8.280528762800682951e-01 -8.244355131284636373e-01 -8.206505532110208723e-01 -8.166987682935881177e-01 -8.125810029711697524e-01 -8.082981826199047148e-01 -8.038513229982110486e-01 -7.992415419847920255e-01 -7.944700741167423086e-01 -7.895382888419728573e-01 -7.844477137644491060e-01 -7.792000646971875000e-01 -7.737972851412451281e-01 -7.682415990335025313e-01 -7.625355825115694985e-01 -7.566822634751537713e-01 -7.506852626652592564e-01 -7.445489982622619518e-01 -7.382789903012296762e-01 -7.318823267353522510e-01 -7.253684003184858176e-01 -7.187501170057638555e-01 -7.120459619764115677e-01 -7.052837046980241498e-01 -6.985074144789359396e-01 -6.917915694195471144e-01 -6.852712179741485832e-01 -6.792092264235654042e-01 -6.741387226679446121e-01 -6.710470175071074905e-01 -6.710554395235385217e-01 -6.741616010423000516e-01 -6.792428087364870137e-01 -6.853131480799793396e-01 -6.918406017346877546e-01 -6.985628384679721803e-01 -7.053450482184675518e-01 -7.121128589627797600e-01 -7.188222473502376975e-01 -7.254454611267683317e-01 -7.319640179178150685e-01 -7.383650071434386675e-01 -7.446390276200375302e-01 -7.507789811637187727e-01 -7.567793368846478241e-01 -7.626356658556785462e-01 -7.683443371772349373e-01 -7.739023137089402482e-01 -7.793070112248291492e-01 -7.845561990220727422e-01 -7.896479282796751153e-01 -7.945804793983316516e-01 -7.993523225796400622e-01 -8.039620878059092757e-01 -8.084085416053289341e-01 -8.126905687896883723e-01 -8.168071578880727879e-01 -8.207573893640951468e-01 -8.245404259553297255e-01 -8.281555046490848282e-01 -8.316019299329064918e-01 -8.348790680471840364e-01 -8.379863420318669487e-01 -8.409232274067242052e-01 -8.436892483601613479e-01 -8.462839743485972566e-01 -8.487070170295870630e-01 -8.509580274687553736e-01 -8.530366935745428147e-01 -8.549427377266516359e-01 -8.566759145741429382e-01 -8.582360089881406751e-01 -8.596228341616598545e-01 -8.608362298557838965e-01 -8.618760607967284049e-01 -8.627422152325363580e-01 -8.634346036610474062e-01 -8.639531577422355779e-01 -8.642978294082892532e-01 -8.644685901836846043e-01 -8.644654307253168968e-01 -8.642883605897804244e-01
-8.647200616797542372e-01 -8.642827590920405534e-01 -8.636716292230046665e-01 -8.628867461489226898e-01 -8.619282043089296907e-01 -8.607961195140023669e-01 -8.594906301450899733e-01 -8.580118985241237395e-01 -8.563601124425170852e-01 -8.545354868343222332e-01 -8.525382655848743330e-01 -8.503687234711623244e-01 -8.480271682365752017e-01 -8.455139428104442301e-01 -8.428294276916860062e-01 -8.399740435259890337e-01 -8.369482539175467917e-01 -8.337525685296811595e-01 -8.303875465445518245e-01 -8.268538005713997885e-01 -8.231520011168373951e-01 -8.192828817619814963e-01 -8.152472452320449481e-01 -8.110459705995274327e-01 -8.066800219374319347e-01 -8.021504588438700400e-01 -7.974584494064043128e-01 -7.926052863836676732e-01 -7.875924076832624410e-01 -7.824214226553942719e-01 -7.770941463760150381e-01 -7.716126450814908555e-01 -7.659792974388592857e-01 -7.601968787297321839e-01 -7.542686788805452736e-01 -7.481986716406470173e-01 -7.419917630389657459e-01 -7.356541662591069564e-01 -7.291939846475136155e-01 -7.226221499995785225e-01 -7.159539926926470343e-01 -7.092119891062284021e-01 -7.024308208725627001e-01 -6.956672436468316345e-01 -6.890205670938549520e-01 -6.826776049292867521e-01 -6.770125335890678775e-01 -6.727716929557232550e-01 -6.711251483886443436e-01 -6.727846767780044646e-01 -6.770355285290060587e-01 -6.827080988588923871e-01 -6.890571834795017336e-01 -6.957092398263554633e-01 -7.024777416618015469e-01 -7.092635070633257488e-01 -7.160098368434211213e-01 -7.226820726602223299e-01 -7.292577451609293382e-01 -7.357215227020849069e-01 -7.420624679373412080e-01 -7.482724698325313728e-01 -7.543453066039089716e-01 -7.602760634503340498e-01 -7.660607581514390363e-01 -7.716960929289568005e-01 -7.771792854911356851e-01 -7.825079511626623630e-01 -7.876800188173426198e-01 -7.926936696918126524e-01 -7.975472920088789719e-01 -8.022394467305048460e-01 -8.067688412811577781e-01 -8.111343090698412972e-01 -8.153347932928457498e-01 -8.193693339398184783e-01 -8.232370572269832598e-01 -8.269371668906846384e-01 -8.304689369215264572e-01 -8.338317054241859427e-01 -8.370248693636423987e-01 -8.400478800137887170e-01 -8.429002389654771665e-01 -8.455814945821397144e-01 -8.480912388151052861e-01 -8.504291043100455916e-01 -8.525947617513904842e-01 -8.545879174050143856e-01 -8.564083108306408398e-01 -8.580557127454098154e-01 -8.595299230287507530e-01 -8.608307688660878920e-01 -8.619581030353324902e-01 -8.629118023449954267e-01 -8.636917662365042325e-01 -8.642979155654653134e-01 -8.647301915773962788e-01 -8.649885550928486655e-01 -8.650729859148540424e-01 -8.649834824686497559e-01
-8.653288761028931075e-01 -8.649791078258319832e-01 -8.644554642463486704e-01 -8.637580068395436239e-01 -8.628868167718296567e-01 -8.618419958371084100e-01 -8.606236675946469239e-01 -8.592319786910187496e-01 -8.576671003485261124e-01 -8.559292300041373425e-01 -8.540185930861250441e-01 -8.519354449202803936e-01 -8.496800727635129835e-01 -8.472527979701075518e-01 -8.446539783043542915e-01 -8.418840104231117838e-01 -8.389433325629445104e-01 -8.358324274790847053e-01 -8.325518256983054366e-01 -8.291021091653469899e-01 -8.254839153842576938e-01 -8.216979421833666697e-01 -8.177449532685344691e-01 -8.136257847766531492e-01 -8.093413531060332788e-01 -8.048926643888679733e-01 -8.002808260948587327e-01 -7.955070614299297738e-01 -7.905727274442213570e-01 -7.854793381269876695e-01 -7.802285943010965896e-01 -7.748224229312842271e-01 -7.692630296827784875e-01 -7.635529704686969676e-01 -7.576952507510148482e-01 -7.516934662942230672e-01 -7.455520073389907409e-01 -7.392763624418939861e-01 -7.328735837300170974e-01 -7.263530226104931709e-01 -7.197275364254375196e-01 -7.130155518349898802e-01 -7.062447659155277613e-01 -6.994591561640181032e-01 -6.927330840378108645e-01 -6.862014642482081594e-01 -6.801271028090971615e-01 -6.750436260474246275e-01 -6.719410252086845947e-01 -6.719461202827142765e-01 -6.750574606738276584e-01 -6.801474008651684500e-01 -6.862267995977965329e-01 -6.927627041831393440e-01 -6.994926325318820970e-01 -7.062818140714579584e-01 -7.130559514041073799e-01 -7.197710947373324730e-01 -7.263995573268213768e-01 -7.329229141399854486e-01 -7.393283049762791048e-01 -7.456063732744437900e-01 -7.517500606684339726e-01 -7.577538719889942431e-01 -7.636134104514586962e-01 -7.693250741061938847e-01 -7.748858518642126603e-01 -7.802931828851924489e-01 -7.855448573792919165e-01 -7.906389451343704966e-01 -7.955737430103047014e-01 -8.003477356657455744e-01 -8.049595656833750112e-01 -8.094080104811033349e-01 -8.136919641979649676e-01 -8.178104232781858718e-01 -8.217624748403487001e-01 -8.255472871688077641e-01 -8.291641018394750873e-01 -8.326122271159325239e-01 -8.358910323405952525e-01 -8.389999431101231586e-01 -8.419384370718563382e-01 -8.447060402138173441e-01 -8.473023235481359494e-01 -8.497269001094693852e-01 -8.519794222073929779e-01 -8.540595788864551174e-01 -8.559670935600693920e-01 -8.577017217953246675e-01 -8.592632492354540519e-01 -8.606514896550638838e-01 -8.618662831503061117e-01 -8.629074944722161522e-01 -8.637750115157097897e-01 -8.644687439799364492e-01 -8.649886222169611560e-01 -8.653345962859116947e-01 -8.655066352280350594e-01 -8.655047265755022590e-01
-8.657637880739088576e-01 -8.655015922276603213e-01 -8.650654842116418664e-01 -8.644555135176437144e-01 -8.636717487591558662e-01 -8.627142785189552132e-01 -8.615832124106663770e-01 -8.602786823362557067e-01 -8.588008439205614408e-01 -8.571498781047700577e-01 -8.553259928830552195e-01 -8.533294251705754174e-01 -8.511604427964518660e-01 -8.488193466221432004e-01 -8.463064727937811282e-01 -8.436221951463425128e-01 -8.407669277881495429e-01 -8.377411279061854898e-01 -8.345452988465910105e-01 -8.311799935408858975e-01 -8.276458183680863723e-01 -8.239434375673446720e-01 -8.200735783469828011e-01 -8.160370368770412108e-01 -8.118346854076451402e-01 -8.074674808309814100e-01 -8.029364751091898622e-01 -7.982428281372127010e-01 -7.933878238184098874e-01 -7.883728904313320740e-01 -7.831996268059986388e-01 -7.778698364807707932e-01 -7.723855729978108542e-01 -7.667492010147822779e-01 -7.609634803010605353e-01 -7.550316835364531132e-01 -7.489577651913654766e-01 -7.427466095842927274e-01 -7.364044052013912767e-01 -7.299392269042225267e-01 -7.233619730262962344e-01 -7.166879336921523347e-01 -7.099395354309684381e-01 -7.031513961400627233e-01 -6.963801879262242478e-01 -6.897251125174154174e-01 -6.833728693670249044e-01 -6.776976676439878666e-01 -6.734467531515963001e-01 -6.717935201933973310e-01 -6.734532846910924464e-01 -6.777092309708723228e-01 -6.833881990371005744e-01 -6.897435162091477556e-01 -6.964012926161879946e-01 -7.031749734457911627e-01 -7.099654211840960016e-01 -7.167159920803640727e-01 -7.233920799103112920e-01 -7.299712616427288525e-01 -7.364382464839908105e-01 -7.427821332793661524e-01 -7.489948432736821538e-01 -7.550701836302140535e-01 -7.610032655950695890e-01 -7.667901304155406716e-01 -7.724275014424719643e-01 -7.779126153619559947e-01 -7.832431044771437367e-01 -7.884169127706073255e-01 -7.934322348348414877e-01 -7.982874706059168712e-01 -8.029811912246976879e-01 -8.075121128690567751e-01 -8.118790763869578875e-01 -8.160810312129334054e-01 -8.201170224902465389e-01 -8.239861806217152473e-01 -8.276877126809041307e-01 -8.312208952621267244e-01 -8.345850684523676843e-01 -8.377796306835917362e-01 -8.408040342792808541e-01 -8.436577815501359323e-01 -8.463404213251888297e-01 -8.488515458289978000e-01 -8.511907878350644108e-01 -8.533578180418568415e-01 -8.553523426315036149e-01 -8.571741009831659319e-01 -8.588228635235635178e-01 -8.602984297063841490e-01 -8.616006261203064120e-01 -8.627293047319808394e-01 -8.636843412757843064e-01 -8.644656338058298584e-01 -8.650731014281267672e-01 -8.655066832313735858e-01 -8.657663374339559237e-01 -8.658520407625274196e-01
-8.660247529359144103e-01 -8.658501563122085187e-01 -8.655016213079071985e-01 -8.649791859284380324e-01 -8.642829068487186683e-01 -8.634128601578954232e-01 -8.623691423291313107e-01 -8.611518713968997485e-01 -8.597611883225108054e-01 -8.581972585285582156e-01 -8.564602735844757397e-01 -8.545504530284677713e-01 -8.524680463159464150e-01 -8.502133348906186772e-01 -8.477866343821078843e-01 -8.451882969426134373e-01 -8.424187137453932328e-01 -8.394783176789694101e-01 -8.363675862842353537e-01 -8.330870449964180580e-01 -8.296372707718552286e-01 -8.260188962013734759e-01 -8.222326142396919613e-01 -8.182791837161044191e-01 -8.141594358392705288e-01 -8.098742819734185971e-01 -8.054247230518427614e-01 -8.008118611171786139e-01 -7.960369136525569100e-01 -7.911012316176972980e-01 -7.860063224667768189e-01 -7.807538799593325418e-01 -7.753458233760548435e-01 -7.697843499721062077e-01 -7.640720064006781831e-01 -7.582117878626153384e-01 -7.522072786675526590e-01 -7.460628561526957414e-01 -7.397839941715586010e-01 -7.333777278467863425e-01 -7.268533885365039415e-01 -7.202238093516839523e-01 -7.135073867481401821e-01 -7.067317787557416686e-01 -6.999409104436664641e-01 -6.932090710342366791e-01 -6.866710789042502761e-01 -6.805896476324768685e-01 -6.754985332225061923e-01 -6.723889435872619780e-01 -6.723906490591039509e-01 -6.755031630201631110e-01 -6.805964388307119695e-01 -6.866795540066763515e-01 -6.932189783363996716e-01 -6.999521067076754921e-01 -7.067441689767008928e-01 -7.135208973442832558e-01 -7.202383759981128009e-01 -7.268689503531385876e-01 -7.333942244868786320e-01 -7.398013643215913815e-01 -7.460810367649840513e-01 -7.522262045979152267e-01 -7.582313917459051478e-01 -7.640922186743097644e-01 -7.698050989966593871e-01 -7.753670356225607074e-01 -7.807754802439299535e-01 -7.860282342197772998e-01 -7.911233771775971757e-01 -7.960592145777358741e-01 -8.008342385093192295e-01 -8.054470978859059604e-01 -8.098965754296625352e-01 -8.141815696331848873e-01 -8.183010804225561152e-01 -8.222541976079401627e-01 -8.260400914579810738e-01 -8.296580049088896347e-01 -8.331072470427934862e-01 -8.363871875584045767e-01 -8.394972520216614775e-01 -8.424369177315123025e-01 -8.452057100718187721e-01 -8.478031992480632439e-01 -8.502289973292951331e-01 -8.524827555336103035e-01 -8.545641617104899890e-01 -8.564729379861890646e-01 -8.582088385497366190e-01 -8.597716475671195457e-01 -8.611611772199192494e-01 -8.623772658722637097e-01 -8.634197763759819955e-01 -8.642885945286045146e-01 -8.649836277018774222e-01 -8.655048036600204719e-01 -8.658520695866833705e-01 -8.660253913379849511e-01
